CHR,POS.BETA,SE,TRAITID
9,17309338,-0.04074478,0.027077973,Monocyte_CD14:ENSG00000044459
9,370199,-0.2156946,0.107817605,Monocyte_CD14:ENSG00000107099
9,124349748,0.37466994,0.063849784,Monocyte_CD14:ENSG00000119408
9,100236669,0.18573464,0.026990699,Monocyte_CD14:ENSG00000119509
9,86029143,0.00869019,0.284045,Monocyte_CD14:ENSG00000135052
9,36309848,0.024887362,0.27913117,Monocyte_CD14:ENSG00000137075
9,36170124,0.14920989,0.15921931,Monocyte_CD14:ENSG00000159921
9,112487458,0.37593395,0.1891759,Monocyte_CD14:ENSG00000165185
9,128350974,0.12622054,0.03306251,Monocyte_CD14:ENSG00000167118
9,126788624,-0.6073816,0.26285037,Monocyte_CD14:ENSG00000169155
9,174812,0.09649472,0.1614052,Monocyte_CD14:ENSG00000172785
9,137552354,0.3849089,0.10350048,Monocyte_CD14:ENSG00000182154
9,134402184,-0.051268637,0.020092182,Monocyte_CD14:ENSG00000186350
9,34124862,-0.07702855,0.20374845,Monocyte_CD14:ENSG00000198876
9,34249206,-0.03482081,0.25481483,Monocyte_CD14:ENSG00000198876
9,3508131,-0.14763942,0.091484375,Monocyte_CD14:ENSG00000237359
19,33032291,-0.12846418,0.048961,Monocyte_CD14:ENSG00000076650
19,42272428,0.11510216,0.045814566,Monocyte_CD14:ENSG00000079462
19,36856082,-0.1947763,0.031008964,Monocyte_CD14:ENSG00000232677
12,16353753,0.0041427044,0.062906295,Monocyte_CD14:ENSG00000008394
12,6792800,-0.41845,0.32962295,Monocyte_CD14:ENSG00000010610
12,50222563,-0.31290653,0.28995246,Monocyte_CD14:ENSG00000050405
12,8047464,-0.20297495,0.2319635,Monocyte_CD14:ENSG00000059804
12,55169009,-0.28279176,0.14076108,Monocyte_CD14:ENSG00000065361
12,132838535,-0.14274791,0.024680592,Monocyte_CD14:ENSG00000072609
12,1612088,0.03512137,0.05357141,Monocyte_CD14:ENSG00000111186
12,14920758,-0.08966204,0.013334312,Monocyte_CD14:ENSG00000111348
12,14560010,0.07353338,0.062013578,Monocyte_CD14:ENSG00000121316
12,49606604,-0.25217322,0.15188922,Monocyte_CD14:ENSG00000139644
12,40250950,0.12432807,0.08460623,Monocyte_CD14:ENSG00000151229
12,132111598,0.567238,0.118180275,Monocyte_CD14:ENSG00000185163
12,50924640,-0.2516818,0.07947027,Monocyte_CD14:ENSG00000185432
12,25168971,-0.048012517,0.09239559,Monocyte_CD14:ENSG00000205707
12,7109428,0.7041923,0.18481193,Monocyte_CD14:ENSG00000205885
12,9962215,0.3409119,0.16617636,Monocyte_CD14:ENSG00000225231
12,68458474,0.1611893,0.03395351,Monocyte_CD14:ENSG00000251301
12,41937887,-0.5098099,0.23064438,Monocyte_CD14:ENSG00000257239
12,31730365,0.025108935,0.1651662,Monocyte_CD14:ENSG00000276900
14,92106583,0.33199024,0.031382572,Monocyte_CD14:ENSG00000066427
14,59971375,0.17733373,0.023731628,Monocyte_CD14:ENSG00000100612
14,20415790,0.20257743,0.024855278,Monocyte_CD14:ENSG00000100823
14,34929829,-0.17971006,0.019776514,Monocyte_CD14:ENSG00000100883
14,55706570,-0.22419286,0.028889911,Monocyte_CD14:ENSG00000126777
14,63584662,-0.2982824,0.062619716,Monocyte_CD14:ENSG00000126821
14,58254144,0.2517346,0.0327676,Monocyte_CD14:ENSG00000257621
14,56118086,-0.36572063,0.12256195,Monocyte_CD14:ENSG00000277763
8,86365089,-0.21490742,0.018892607,Monocyte_CD14:ENSG00000085719
8,143026785,-0.4782404,0.027305089,Monocyte_CD14:ENSG00000160932
8,143029210,-0.19412038,0.1300673,Monocyte_CD14:ENSG00000160932
8,144393382,-0.23645438,0.016806832,Monocyte_CD14:ENSG00000160948
8,38978487,0.10105907,0.01799956,Monocyte_CD14:ENSG00000169499
8,143952414,-0.17272606,0.017160859,Monocyte_CD14:ENSG00000178685
8,143659008,0.136599,0.025687777,Monocyte_CD14:ENSG00000181135
8,118013363,0.02748587,0.019569289,Monocyte_CD14:ENSG00000182197
8,17886518,-0.51455545,0.062662505,Monocyte_CD14:ENSG00000254054
8,50848927,0.0041410537,0.027339702,Monocyte_CD14:ENSG00000272076
10,16960760,-0.2687454,0.010553721,Monocyte_CD14:ENSG00000026025
10,67905202,0.22451085,0.25207752,Monocyte_CD14:ENSG00000096717
10,119100747,1.4812884,0.13856363,Monocyte_CD14:ENSG00000119979
10,13113726,0.3274008,0.015349683,Monocyte_CD14:ENSG00000123240
10,63153076,0.089923844,0.16235821,Monocyte_CD14:ENSG00000148572
10,14974210,0.81510264,0.21614349,Monocyte_CD14:ENSG00000152457
10,70355549,-0.57940304,0.10730965,Monocyte_CD14:ENSG00000180817
10,133308228,0.08657126,0.027067076,Monocyte_CD14:ENSG00000198546
10,50502708,-0.16098422,0.15484254,Monocyte_CD14:ENSG00000198964
10,110947345,0.10978063,0.024242023,Monocyte_CD14:ENSG00000214413
10,73099594,-0.21588255,0.042805593,Monocyte_CD14:ENSG00000272630
16,15013688,-0.10084653,0.032155883,Monocyte_CD14:ENSG00000085721
16,85317729,-0.009818646,0.04088042,Monocyte_CD14:ENSG00000131143
16,85795459,-0.07287204,0.009936296,Monocyte_CD14:ENSG00000131143
16,17889090,0.016728157,0.023299534,Monocyte_CD14:ENSG00000134419
16,19120113,0.27936125,0.040655762,Monocyte_CD14:ENSG00000205730
16,66604051,-0.056397643,0.023543797,Monocyte_CD14:ENSG00000217555
16,15171590,-0.17891838,0.052662633,Monocyte_CD14:ENSG00000257391
16,19112266,-0.2770705,0.21992692,Monocyte_CD14:ENSG00000261759
16,66236715,0.012664946,0.031851515,Monocyte_CD14:ENSG00000277978
7,26012045,-0.54459995,0.03837765,Monocyte_CD14:ENSG00000050344
7,26322744,0.4910642,0.08653706,Monocyte_CD14:ENSG00000086300
7,2513589,0.289741,0.14622204,Monocyte_CD14:ENSG00000106009
7,99409582,-0.15180764,0.06508325,Monocyte_CD14:ENSG00000106245
7,150571010,-0.102485426,0.017573169,Monocyte_CD14:ENSG00000133574
7,100815804,-0.8048675,0.1688794,Monocyte_CD14:ENSG00000196411
7,128525197,0.17038587,0.026511852,Monocyte_CD14:ENSG00000271553
7,16502495,0.04236082,0.0494945,Monocyte_CD14:ENSG00000272361
7,102748026,-0.15423115,0.02492313,Monocyte_CD14:ENSG00000285437
3,32552975,-0.18858646,0.044234704,Monocyte_CD14:ENSG00000091317
3,133666092,-0.14084901,0.016724478,Monocyte_CD14:ENSG00000091527
3,179148348,0.24216561,0.10197944,Monocyte_CD14:ENSG00000121879
3,101716562,0.17642628,0.022294652,Monocyte_CD14:ENSG00000138468
3,46136372,-0.05492617,0.033206668,Monocyte_CD14:ENSG00000160791
3,134102246,0.23500332,0.09148444,Monocyte_CD14:ENSG00000163785
3,45972340,-0.00769395,0.025985513,Monocyte_CD14:ENSG00000163823
3,136940999,-0.087773606,0.03377414,Monocyte_CD14:ENSG00000273486
1,218350962,-0.072042465,0.249683,Monocyte_CD14:ENSG00000067533
1,74738117,-0.17886655,0.20588772,Monocyte_CD14:ENSG00000116791
1,119935662,-0.28722006,0.06427652,Monocyte_CD14:ENSG00000134250
1,184973795,0.18310751,0.20082062,Monocyte_CD14:ENSG00000135842
1,168142257,0.20691696,0.036337525,Monocyte_CD14:ENSG00000143147
1,149813197,-0.08871851,0.29806337,Monocyte_CD14:ENSG00000150337
1,159925320,-0.10761301,0.03994917,Monocyte_CD14:ENSG00000158710
1,160994513,0.032787554,0.08926544,Monocyte_CD14:ENSG00000158769
1,64875884,0.1535785,0.32042038,Monocyte_CD14:ENSG00000162437
1,160324899,0.0696917,0.09587949,Monocyte_CD14:ENSG00000162736
1,9122624,0.6137309,0.32112792,Monocyte_CD14:ENSG00000180758
1,168242996,-0.103514425,0.16057791,Monocyte_CD14:ENSG00000213064
1,109676500,-0.4480004,0.058495484,Monocyte_CD14:ENSG00000213366
1,35574361,-0.44606078,0.08159911,Monocyte_CD14:ENSG00000239636
1,111622549,0.04563528,0.110281244,Monocyte_CD14:ENSG00000260948
1,206506970,0.0604394,0.06288179,Monocyte_CD14:ENSG00000261000
1,150494894,0.25407454,0.017643372,Monocyte_CD14:ENSG00000266472
6,2860405,-0.24981667,0.020994665,Monocyte_CD14:ENSG00000021355
6,161386823,0.03825783,0.022236494,Monocyte_CD14:ENSG00000026652
6,26592262,0.4345684,0.23812273,Monocyte_CD14:ENSG00000111801
6,22073692,-0.5579947,0.10705034,Monocyte_CD14:ENSG00000124766
6,43343123,0.44695696,0.07699881,Monocyte_CD14:ENSG00000146215
6,151509463,-0.17890123,0.029386347,Monocyte_CD14:ENSG00000146476
6,73781113,0.008740197,0.006786712,Monocyte_CD14:ENSG00000156508
6,122744043,-0.2921155,0.043223448,Monocyte_CD14:ENSG00000172594
6,25890606,0.2087204,0.021806585,Monocyte_CD14:ENSG00000272462
20,34956272,-0.07053009,0.021403383,Monocyte_CD14:ENSG00000100983
20,62739537,-0.2253271,0.11396751,Monocyte_CD14:ENSG00000101188
20,62743816,-0.53306085,0.09330188,Monocyte_CD14:ENSG00000101188
20,5199439,-0.57476336,0.09587048,Monocyte_CD14:ENSG00000101290
20,45723351,-0.13947973,0.02175745,Monocyte_CD14:ENSG00000124116
20,60054720,-0.50214815,0.18553977,Monocyte_CD14:ENSG00000124215
20,19914573,-0.010479131,0.024212286,Monocyte_CD14:ENSG00000132669
20,60061354,-0.7962318,0.19826579,Monocyte_CD14:ENSG00000132825
20,49266989,-0.28471673,0.01706719,Monocyte_CD14:ENSG00000177410
20,44212969,0.18472913,0.115387894,Monocyte_CD14:ENSG00000197296
20,63597984,0.052148677,0.023550797,Monocyte_CD14:ENSG00000197457
2,187493335,-0.20280974,0.18666764,Monocyte_CD14:ENSG00000064989
2,208261791,0.07111415,0.13016452,Monocyte_CD14:ENSG00000115020
2,97564157,-0.6804769,0.2963853,Monocyte_CD14:ENSG00000135976
2,10880520,-0.11184286,0.030500751,Monocyte_CD14:ENSG00000143870
2,10074132,-0.016376225,0.02214036,Monocyte_CD14:ENSG00000151693
2,169584491,-0.05757383,0.030001761,Monocyte_CD14:ENSG00000154479
2,85705880,-0.044864457,0.019161327,Monocyte_CD14:ENSG00000168894
2,127252812,-0.19876526,0.036467902,Monocyte_CD14:ENSG00000169967
2,95838846,-0.29025903,0.26469666,Monocyte_CD14:ENSG00000174501
2,109609338,-0.052773073,0.03147963,Monocyte_CD14:ENSG00000198142
2,219254060,0.07203178,0.033931844,Monocyte_CD14:ENSG00000198925
2,26801054,0.004713214,0.022447765,Monocyte_CD14:ENSG00000234945
21,41820358,-0.19374101,0.045303438,Monocyte_CD14:ENSG00000141956
21,25624018,-0.17744936,0.02370828,Monocyte_CD14:ENSG00000154719
21,31178542,-1.1000019,0.23179959,Monocyte_CD14:ENSG00000156299
21,43817067,-0.036527373,0.22136907,Monocyte_CD14:ENSG00000184787
21,34194406,0.2976829,0.1490216,Monocyte_CD14:ENSG00000243927
17,44338359,-0.10341228,0.01534567,Monocyte_CD14:ENSG00000030582
17,5432890,-0.100099094,0.022153324,Monocyte_CD14:ENSG00000108561
17,74871411,-0.6102236,0.2257153,Monocyte_CD14:ENSG00000161513
17,59156828,-0.10158189,0.021082303,Monocyte_CD14:ENSG00000167447
17,7864949,0.41242945,0.18233915,Monocyte_CD14:ENSG00000183011
17,614880,0.124563955,0.03737209,Monocyte_CD14:ENSG00000183688
17,43309222,0.1513547,0.021742431,Monocyte_CD14:ENSG00000188554
17,7001229,-0.0913303,0.017519131,Monocyte_CD14:ENSG00000215067
17,35347862,-0.080007195,0.05370059,Monocyte_CD14:ENSG00000267364
17,35920983,0.15348609,0.043587662,Monocyte_CD14:ENSG00000270647
15,55227445,-0.27978927,0.02824611,Monocyte_CD14:ENSG00000069974
15,50933628,-0.14064783,0.017173905,Monocyte_CD14:ENSG00000081014
15,63556914,0.099775925,0.022294173,Monocyte_CD14:ENSG00000103657
15,48821958,-0.38463816,0.03489749,Monocyte_CD14:ENSG00000103995
15,79922804,-0.47843724,0.28719768,Monocyte_CD14:ENSG00000136371
15,50392876,0.12202648,0.020812664,Monocyte_CD14:ENSG00000138592
15,64249271,0.026682662,0.032413807,Monocyte_CD14:ENSG00000166803
15,79879856,0.382148,0.13986704,Monocyte_CD14:ENSG00000180953
15,90907018,0.34922618,0.06956723,Monocyte_CD14:ENSG00000196547
5,55477821,-0.08641605,0.02112362,Monocyte_CD14:ENSG00000039123
5,123034581,-0.21069622,0.030358372,Monocyte_CD14:ENSG00000064652
5,140834211,0.08572673,0.020660684,Monocyte_CD14:ENSG00000113108
5,33707002,0.14076957,0.028639432,Monocyte_CD14:ENSG00000113407
5,150044945,0.40613315,0.034098137,Monocyte_CD14:ENSG00000113716
5,2075229,-0.018287973,0.017724382,Monocyte_CD14:ENSG00000145494
5,77491067,0.5398106,0.09163649,Monocyte_CD14:ENSG00000164253
5,34991754,-0.123150535,0.02217491,Monocyte_CD14:ENSG00000168724
5,50743246,0.44840747,0.030903585,Monocyte_CD14:ENSG00000170571
5,178220234,-0.084721275,0.015978359,Monocyte_CD14:ENSG00000197451
5,80609592,-0.10956159,0.02228793,Monocyte_CD14:ENSG00000249042
5,177946149,-0.11055063,0.075772166,Monocyte_CD14:ENSG00000249684
5,328237,0.28309825,0.04042214,Monocyte_CD14:ENSG00000249915
5,42015456,0.06928234,0.0443229,Monocyte_CD14:ENSG00000272234
13,32061946,-0.07242475,0.035792343,Monocyte_CD14:ENSG00000073910
13,108283341,-0.11871645,0.01701935,Monocyte_CD14:ENSG00000102524
13,49624609,-0.1839505,0.03757598,Monocyte_CD14:ENSG00000136144
13,48424880,0.013155548,0.14480378,Monocyte_CD14:ENSG00000139679
13,20944587,0.10375275,0.030502781,Monocyte_CD14:ENSG00000150457
13,99433488,-0.17200969,0.028650552,Monocyte_CD14:ENSG00000169508
13,35256213,-0.67632675,0.12346109,Monocyte_CD14:ENSG00000172915
13,19918700,0.6090208,0.23027653,Monocyte_CD14:ENSG00000196199
13,50555378,0.14820269,0.1121368,Monocyte_CD14:ENSG00000231607
11,33754819,0.5096111,0.044397175,Monocyte_CD14:ENSG00000085063
11,47226499,-0.074767485,0.027043069,Monocyte_CD14:ENSG00000110514
11,75017373,-0.15311037,0.02561404,Monocyte_CD14:ENSG00000118363
11,71850738,-0.26462543,0.03938961,Monocyte_CD14:ENSG00000137497
11,62837595,-0.10610109,0.015566983,Monocyte_CD14:ENSG00000162231
11,118392339,0.05061847,0.012290197,Monocyte_CD14:ENSG00000167283
11,758806,-0.08899875,0.018789116,Monocyte_CD14:ENSG00000177156
11,10915517,0.119667396,0.021360524,Monocyte_CD14:ENSG00000247271
11,73983709,-0.0806052,0.020468099,Monocyte_CD14:ENSG00000287425
22,19238182,-0.07969101,0.21908301,Monocyte_CD14:ENSG00000070371
22,45163528,1.1847004,0.18936127,Monocyte_CD14:ENSG00000093000
22,20866381,0.11206411,0.25309116,Monocyte_CD14:ENSG00000099940
22,49781017,0.15529642,0.035643205,Monocyte_CD14:ENSG00000100425
22,49930367,0.19103752,0.022946764,Monocyte_CD14:ENSG00000100426
22,45157140,-0.8813986,0.20443831,Monocyte_CD14:ENSG00000226328
22,42408414,-0.14505482,0.027960107,Monocyte_CD14:ENSG00000235568
4,152703875,0.20627916,0.0764409,Monocyte_CD14:ENSG00000109670
4,42701794,0.036847055,0.04555602,Monocyte_CD14:ENSG00000124406
4,182927919,0.16469046,0.019830735,Monocyte_CD14:ENSG00000129187
4,89813182,-0.117015906,0.042572234,Monocyte_CD14:ENSG00000145335
4,17923111,-0.1315847,0.02688082,Monocyte_CD14:ENSG00000163257
4,39474195,-0.06751252,0.007345934,Monocyte_CD14:ENSG00000163682
4,39486640,0.073556475,0.018572161,Monocyte_CD14:ENSG00000163682
4,151071787,-0.037172053,0.01937913,Monocyte_CD14:ENSG00000198589
18,3014602,0.13815963,0.022601908,Monocyte_CD14:ENSG00000101577
18,9111139,-0.094452985,0.012898389,Monocyte_CD14:ENSG00000101745
18,22182416,-0.07605707,0.17549403,Monocyte_CD14:ENSG00000101752
18,12297918,-0.08825838,0.028149111,Monocyte_CD14:ENSG00000141385
18,32455626,0.070366174,0.21985804,Monocyte_CD14:ENSG00000141441
18,49162097,-0.07248695,0.022393411,Monocyte_CD14:ENSG00000141627
18,46165380,-0.019254638,0.022836572,Monocyte_CD14:ENSG00000152242
18,46749731,0.020662138,0.025565924,Monocyte_CD14:ENSG00000152242
18,58728165,0.090607494,0.021441724,Monocyte_CD14:ENSG00000172175
18,14132974,-0.4284873,0.09528412,Monocyte_CD14:ENSG00000175322
17,35156394,0.14009786,0.16580625,T_CD8_naive:ENSG00000164729
17,17978745,-0.02076259,0.028526513,T_CD8_naive:ENSG00000171928
17,76724443,-0.03770356,0.32631165,T_CD8_naive:ENSG00000181038
17,28648359,-0.2254814,0.10160954,T_CD8_naive:ENSG00000198242
17,43169370,0.13259779,0.026468214,T_CD8_naive:ENSG00000198496
17,58095042,0.22357,0.061370593,T_CD8_naive:ENSG00000264364
8,2500407,-0.051603742,0.034266025,T_CD8_naive:ENSG00000282021
12,112117653,0.2050713,0.04046777,T_CD8_naive:ENSG00000089248
12,51274319,-0.055318903,0.102340624,T_CD8_naive:ENSG00000110934
12,6924429,1.1696234,0.2892098,T_CD8_naive:ENSG00000111678
12,95568321,-0.36140564,0.30953443,T_CD8_naive:ENSG00000136014
12,116751903,0.07633578,0.095659606,T_CD8_naive:ENSG00000174989
12,76060081,0.55985206,0.21032494,T_CD8_naive:ENSG00000187109
12,53336376,-0.47368288,0.36208683,T_CD8_naive:ENSG00000197111
12,10500612,0.2336527,0.23881972,T_CD8_naive:ENSG00000205810
12,68028351,-0.26388153,0.33909872,T_CD8_naive:ENSG00000255733
12,3910850,0.26087388,0.3597122,T_CD8_naive:ENSG00000256862
12,52612659,0.14688021,0.08835443,T_CD8_naive:ENSG00000257495
12,70410290,0.15096329,0.11757664,T_CD8_naive:ENSG00000257815
12,46474128,0.083031766,0.37449753,T_CD8_naive:ENSG00000272369
20,35132437,-0.007885325,0.039074864,T_CD8_naive:ENSG00000101000
20,25414941,-0.042807627,0.035839755,T_CD8_naive:ENSG00000101004
20,56741781,-0.16944145,0.24503076,T_CD8_naive:ENSG00000101146
20,18560186,-0.08612007,0.048420265,T_CD8_naive:ENSG00000101310
20,58630165,-0.08856464,0.026976576,T_CD8_naive:ENSG00000124222
20,35445722,-0.04955631,0.07686027,T_CD8_naive:ENSG00000126005
20,35717523,-0.091102295,0.037466865,T_CD8_naive:ENSG00000131051
20,35972604,-0.05439711,0.037860587,T_CD8_naive:ENSG00000171222
20,44288087,0.03637625,0.051377274,T_CD8_naive:ENSG00000223891
20,35217536,0.32398862,0.11670643,T_CD8_naive:ENSG00000242372
3,48811703,0.20670016,0.053101674,T_CD8_naive:ENSG00000068745
3,101260141,-0.029639509,0.036598094,T_CD8_naive:ENSG00000114354
3,9415682,-0.09673872,0.07151702,T_CD8_naive:ENSG00000134077
3,9946491,-0.2145927,0.0754154,T_CD8_naive:ENSG00000163704
3,128915930,0.4213076,0.13696478,T_CD8_naive:ENSG00000177646
3,183757571,0.06527516,0.024398146,T_CD8_naive:ENSG00000180834
3,40262706,0.21177532,0.017530661,T_CD8_naive:ENSG00000188846
9,114386047,0.12437208,0.02556274,T_CD8_naive:ENSG00000106948
9,7816012,0.104806595,0.33376083,T_CD8_naive:ENSG00000137038
9,133361131,-0.05670392,0.07142829,T_CD8_naive:ENSG00000148291
9,35361231,-0.06458616,0.3818245,T_CD8_naive:ENSG00000164976
9,94296020,0.12650216,0.059007604,T_CD8_naive:ENSG00000232063
9,96390378,0.04436673,0.06959582,T_CD8_naive:ENSG00000286835
9,97808945,0.017945867,0.037584327,T_CD8_naive:ENSG00000287070
11,123090076,-0.06430563,0.033252828,T_CD8_naive:ENSG00000109971
11,125405130,0.41194862,0.26876533,T_CD8_naive:ENSG00000110063
11,65979182,0.07779238,0.020808902,T_CD8_naive:ENSG00000175602
19,6373086,0.028542578,0.172981,T_CD8_naive:ENSG00000125652
19,34322035,-0.18976767,0.05937824,T_CD8_naive:ENSG00000166398
22,41682662,0.048908453,0.029371455,T_CD8_naive:ENSG00000100138
22,38485449,0.09153857,0.018406328,T_CD8_naive:ENSG00000100201
22,50587312,-0.21834664,0.19389112,T_CD8_naive:ENSG00000100288
22,41779691,0.08592429,0.03103398,T_CD8_naive:ENSG00000167077
22,50579047,0.10489402,0.054142114,T_CD8_naive:ENSG00000205560
22,50548218,0.1332719,0.078718744,T_CD8_naive:ENSG00000284194
15,63637901,-0.06793295,0.023020389,T_CD8_naive:ENSG00000103657
15,74991481,-0.093850605,0.04770368,T_CD8_naive:ENSG00000138621
15,75348228,-0.002775529,0.023181902,T_CD8_naive:ENSG00000140400
15,64372090,0.13918002,0.1319777,T_CD8_naive:ENSG00000166794
15,45254346,0.045007598,0.14678454,T_CD8_naive:ENSG00000171766
15,42221110,-0.039457615,0.046698656,T_CD8_naive:ENSG00000214013
15,52149321,-0.04440258,0.026127322,T_CD8_naive:ENSG00000259577
15,42276834,0.053333465,0.046336893,T_CD8_naive:ENSG00000261684
18,35343860,-0.07954571,0.03701074,T_CD8_naive:ENSG00000172466
18,49479065,0.10351216,0.01992083,T_CD8_naive:ENSG00000265681
6,89172164,-0.12006467,0.021162111,T_CD8_naive:ENSG00000146278
6,139059892,0.11134445,0.024769548,T_CD8_naive:ENSG00000146386
6,26110800,-0.06591719,0.2801376,T_CD8_naive:ENSG00000180573
6,145762724,0.12056391,0.024656564,T_CD8_naive:ENSG00000270638
6,27062488,0.05992595,0.03780531,T_CD8_naive:ENSG00000274997
6,166285185,0.018993698,0.061187852,T_CD8_naive:ENSG00000286760
4,52707864,0.7859244,0.31521022,T_CD8_naive:ENSG00000109189
4,42677993,-0.19332534,0.06400441,T_CD8_naive:ENSG00000124406
4,145473963,-0.8431005,0.24328254,T_CD8_naive:ENSG00000170365
4,42672993,-0.07108039,0.06687716,T_CD8_naive:ENSG00000251517
4,101311828,0.046729024,0.027007293,T_CD8_naive:ENSG00000254531
4,207221,-0.09367619,0.03593732,T_CD8_naive:ENSG00000275426
14,24140325,0.096419595,0.028256377,T_CD8_naive:ENSG00000100911
14,64888228,-0.036690295,0.030904947,T_CD8_naive:ENSG00000139998
14,24023999,-0.1459724,0.049167108,T_CD8_naive:ENSG00000157326
16,56942832,0.050906647,0.03432749,T_CD8_naive:ENSG00000051108
16,717449,0.3841911,0.21028338,T_CD8_naive:ENSG00000103254
16,66547237,-0.25848317,0.06354928,T_CD8_naive:ENSG00000140931
16,15074903,-0.08978597,0.02478318,T_CD8_naive:ENSG00000157045
16,89789305,-0.0065446384,0.0725281,T_CD8_naive:ENSG00000158805
16,53488837,0.07389277,0.023515824,T_CD8_naive:ENSG00000166971
16,88521250,-0.08578517,0.08710997,T_CD8_naive:ENSG00000179588
7,76284862,0.06745785,0.24595377,T_CD8_naive:ENSG00000106211
7,99404002,-0.025481898,0.082993306,T_CD8_naive:ENSG00000106245
7,98093285,-0.13602869,0.054933306,T_CD8_naive:ENSG00000164715
7,32548585,-0.018839326,0.03207077,T_CD8_naive:ENSG00000273014
5,57223112,0.07799348,0.026130449,T_CD8_naive:ENSG00000062194
5,32602614,-0.37057912,0.14289702,T_CD8_naive:ENSG00000113387
5,139606109,0.10790064,0.045302603,T_CD8_naive:ENSG00000131508
5,175494428,0.08768301,0.028875392,T_CD8_naive:ENSG00000164466
5,112137032,-0.23577091,0.216215,T_CD8_naive:ENSG00000224032
5,37447901,-0.06987573,0.0340059,T_CD8_naive:ENSG00000285967
2,215333651,-0.048693907,0.03320618,T_CD8_naive:ENSG00000138363
2,189859831,0.08096559,0.0497413,T_CD8_naive:ENSG00000138449
2,179052992,-0.08262414,0.025866972,T_CD8_naive:ENSG00000163492
2,216495994,-0.4396614,0.037195154,T_CD8_naive:ENSG00000197756
2,156295041,-0.035834637,0.027867708,T_CD8_naive:ENSG00000226383
2,114497767,0.05294556,0.08318857,T_CD8_naive:ENSG00000270019
10,1090142,-0.083645746,0.025663637,T_CD8_naive:ENSG00000067064
10,87402003,-0.2520236,0.34685114,T_CD8_naive:ENSG00000107789
10,119507697,0.11235529,0.047354612,T_CD8_naive:ENSG00000148908
10,119541003,-0.1685178,0.035296313,T_CD8_naive:ENSG00000148908
10,28120991,-0.40766454,0.12547141,T_CD8_naive:ENSG00000150054
10,73636541,-0.037109222,0.08295632,T_CD8_naive:ENSG00000156042
10,93880680,0.051588707,0.024313275,T_CD8_naive:ENSG00000176273
13,98452435,-0.05271362,0.029068965,T_CD8_naive:ENSG00000102572
13,40983974,0.29155204,0.21483491,T_CD8_naive:ENSG00000120690
13,41133574,0.052557215,0.0510859,T_CD8_naive:ENSG00000120696
13,100589466,-0.39698312,0.16124855,T_CD8_naive:ENSG00000134864
13,52401361,-0.110237196,0.05712066,T_CD8_naive:ENSG00000136100
13,52646397,0.25313726,0.05829583,T_CD8_naive:ENSG00000136108
13,114227285,0.7980601,0.09995301,T_CD8_naive:ENSG00000169062
13,45151161,-0.035814855,0.06695444,T_CD8_naive:ENSG00000170919
13,100536833,0.35583445,0.15891434,T_CD8_naive:ENSG00000224356
13,74182905,0.14423294,0.033622134,T_CD8_naive:ENSG00000286330
1,9866171,-0.016950507,0.030598128,T_CD8_naive:ENSG00000130939
1,45735669,0.13603063,0.026469562,T_CD8_naive:ENSG00000132780
1,110795610,0.26602915,0.28152186,T_CD8_naive:ENSG00000143119
1,231626594,0.0748968,0.14060307,T_CD8_naive:ENSG00000162946
1,154867811,0.21762028,0.1944664,T_CD8_naive:ENSG00000163346
21,45229872,0.030496512,0.078061044,T_CD8_naive:ENSG00000160256
21,46545789,-0.08583724,0.18388492,T_CD8_naive:ENSG00000160282
21,45489612,0.24253823,0.04675408,T_CD8_naive:ENSG00000182871
21,34079546,0.630945,0.2501756,T_CD8_naive:ENSG00000243927
7,76284862,0.20285408,0.17636377,T_CD4_naive:ENSG00000106211
7,158899359,-0.14334947,0.028099017,T_CD4_naive:ENSG00000126870
7,75986787,0.031981505,0.11415065,T_CD4_naive:ENSG00000127948
7,140396403,-0.09532244,0.024976142,T_CD4_naive:ENSG00000157800
7,149871908,-0.92688465,0.27518585,T_CD4_naive:ENSG00000171130
7,77958544,-0.1701623,0.037067756,T_CD4_naive:ENSG00000214293
4,15830948,-0.11930254,0.054408472,T_CD4_naive:ENSG00000004468
4,70780293,-0.24886264,0.0959956,T_CD4_naive:ENSG00000018189
4,176065948,-0.4066911,0.10402627,T_CD4_naive:ENSG00000150627
4,121698995,0.08211377,0.3133723,T_CD4_naive:ENSG00000164111
4,155439401,0.07169147,0.021969687,T_CD4_naive:ENSG00000164114
4,87111599,0.10120326,0.023546783,T_CD4_naive:ENSG00000172493
4,155990159,0.041354142,0.019361906,T_CD4_naive:ENSG00000256043
4,10135218,0.08591103,0.1854394,T_CD4_naive:ENSG00000261490
4,55914295,-0.13272864,0.032916345,T_CD4_naive:ENSG00000286599
19,14869071,-0.07648276,0.0343511,T_CD4_naive:ENSG00000104998
19,34774250,0.23861714,0.08410031,T_CD4_naive:ENSG00000153896
19,51888735,0.1163842,0.032321364,T_CD4_naive:ENSG00000161551
19,54408246,0.35226882,0.17375991,T_CD4_naive:ENSG00000167613
19,40088428,0.116116695,0.034596734,T_CD4_naive:ENSG00000197782
19,9592806,-0.17807111,0.036394447,T_CD4_naive:ENSG00000197961
19,36756807,-0.11246804,0.024548698,T_CD4_naive:ENSG00000267254
11,95774957,0.14715317,0.019648563,T_CD4_naive:ENSG00000077458
11,1284616,-0.19343193,0.041769627,T_CD4_naive:ENSG00000078902
11,47430474,-0.12857601,0.017132109,T_CD4_naive:ENSG00000109920
11,119001871,-0.119893014,0.004831976,T_CD4_naive:ENSG00000118181
11,47322404,0.08644529,0.024276402,T_CD4_naive:ENSG00000134575
11,110277148,-0.05860508,0.021009095,T_CD4_naive:ENSG00000137710
11,67469204,-0.9344376,0.21981797,T_CD4_naive:ENSG00000172663
11,213740,-0.2770512,0.05014377,T_CD4_naive:ENSG00000177951
11,65427784,-0.13966121,0.012667355,T_CD4_naive:ENSG00000245532
11,134633981,-0.025643613,0.023997137,T_CD4_naive:ENSG00000251226
13,72740575,0.0609824,0.018622018,T_CD4_naive:ENSG00000083535
13,77340453,-0.04386189,0.02397123,T_CD4_naive:ENSG00000102805
13,52401361,-0.35891262,0.046216913,T_CD4_naive:ENSG00000136100
13,52608266,-0.4367785,0.0498961,T_CD4_naive:ENSG00000136108
13,48051447,0.24206276,0.08917573,T_CD4_naive:ENSG00000136159
13,52698771,-0.22574522,0.048370775,T_CD4_naive:ENSG00000165416
13,114190406,0.088662036,0.01686339,T_CD4_naive:ENSG00000185989
13,51436452,-0.22366183,0.10958275,T_CD4_naive:ENSG00000236778
13,52400682,0.36121264,0.048598055,T_CD4_naive:ENSG00000278238
20,750249,-0.007880205,0.019321065,T_CD4_naive:ENSG00000101266
20,45900863,0.17438495,0.115337044,T_CD4_naive:ENSG00000101457
20,49307221,0.08780778,0.021639392,T_CD4_naive:ENSG00000124201
20,57710484,0.11406755,0.045587916,T_CD4_naive:ENSG00000278709
20,44672958,-0.1006994,0.14171807,T_CD4_naive:ENSG00000283440
3,47845090,0.17229795,0.02053369,T_CD4_naive:ENSG00000047849
3,98511431,-0.22414498,0.030181622,T_CD4_naive:ENSG00000080822
3,183982423,0.16805474,0.021816153,T_CD4_naive:ENSG00000114770
3,119201125,-0.9710688,0.19474174,T_CD4_naive:ENSG00000121578
3,119252641,-0.66513824,0.059340212,T_CD4_naive:ENSG00000121578
3,14177860,-0.19190116,0.018064205,T_CD4_naive:ENSG00000154767
3,128244349,0.07180431,0.03060176,T_CD4_naive:ENSG00000175792
3,194386678,0.0634763,0.03523463,T_CD4_naive:ENSG00000178732
3,194688432,0.64297897,0.1836821,T_CD4_naive:ENSG00000185112
3,40262706,0.2516615,0.014310667,T_CD4_naive:ENSG00000188846
12,27268904,0.007876846,0.045589156,T_CD4_naive:ENSG00000029153
12,46180517,-0.012351482,0.02254362,T_CD4_naive:ENSG00000111371
12,6534473,-0.35532787,0.19703273,T_CD4_naive:ENSG00000111640
12,98450469,-0.08408261,0.11517103,T_CD4_naive:ENSG00000120802
12,102209176,-0.2976432,0.17234506,T_CD4_naive:ENSG00000120860
12,28239234,0.16349907,0.14169939,T_CD4_naive:ENSG00000123106
12,54574108,-0.27773717,0.29283008,T_CD4_naive:ENSG00000123360
12,49175528,0.5266765,0.119805835,T_CD4_naive:ENSG00000123416
12,47947836,0.1052786,0.03101792,T_CD4_naive:ENSG00000134291
12,95552363,0.7615518,0.09496063,T_CD4_naive:ENSG00000136014
12,49717417,0.1018023,0.2005847,T_CD4_naive:ENSG00000139644
12,2869088,0.076648474,0.121099204,T_CD4_naive:ENSG00000171792
12,38424556,-0.078564,0.03258399,T_CD4_naive:ENSG00000175548
12,110897819,-0.16997296,0.2318347,T_CD4_naive:ENSG00000234608
12,111848992,0.23911761,0.02660745,T_CD4_naive:ENSG00000234608
12,11178495,-0.32603708,0.123917274,T_CD4_naive:ENSG00000247157
12,47188248,0.3402428,0.15044303,T_CD4_naive:ENSG00000247774
12,47267551,-0.030680927,0.13427947,T_CD4_naive:ENSG00000247774
12,9663833,0.21518716,0.06412595,T_CD4_naive:ENSG00000257027
12,46474128,-0.5096113,0.3309381,T_CD4_naive:ENSG00000257261
12,56316135,0.8465303,0.25429332,T_CD4_naive:ENSG00000257727
12,70251669,0.013922121,0.032969493,T_CD4_naive:ENSG00000257815
12,132901042,-0.16732109,0.09753406,T_CD4_naive:ENSG00000273568
12,46474128,0.32032436,0.32143524,T_CD4_naive:ENSG00000275481
12,39603645,0.25296077,0.3920277,T_CD4_naive:ENSG00000285732
5,173057815,-0.10325196,0.2193839,T_CD4_naive:ENSG00000113732
5,140733512,-0.13146062,0.019193878,T_CD4_naive:ENSG00000131495
5,64779304,-0.046739135,0.02731786,T_CD4_naive:ENSG00000153006
5,98458158,-0.40012786,0.02170835,T_CD4_naive:ENSG00000174136
5,54474102,0.13598414,0.021103637,T_CD4_naive:ENSG00000178996
5,112137032,-0.3034993,0.14513351,T_CD4_naive:ENSG00000224032
5,128131550,-0.21139278,0.019945802,T_CD4_naive:ENSG00000245937
5,177953712,-0.030994728,0.10560297,T_CD4_naive:ENSG00000249684
14,89989813,-0.007234682,0.07422035,T_CD4_naive:ENSG00000042088
14,68978668,-0.06989105,0.017815772,T_CD4_naive:ENSG00000072110
14,67296424,0.31811175,0.07311722,T_CD4_naive:ENSG00000100554
14,73999497,0.012447195,0.022098266,T_CD4_naive:ENSG00000119711
14,70320896,-0.115129195,0.017064659,T_CD4_naive:ENSG00000133983
14,52577897,-0.10824878,0.031732894,T_CD4_naive:ENSG00000197930
14,52666788,0.09134541,0.022625433,T_CD4_naive:ENSG00000258757
14,103629432,-0.032806102,0.021973183,T_CD4_naive:ENSG00000269958
2,206530978,-0.1715897,0.13298993,T_CD4_naive:ENSG00000114948
2,23417143,0.08597258,0.021081716,T_CD4_naive:ENSG00000119771
2,174153610,-0.1801296,0.0515584,T_CD4_naive:ENSG00000138430
2,172570364,0.27456862,0.038921658,T_CD4_naive:ENSG00000152256
2,86804131,0.23855738,0.09112018,T_CD4_naive:ENSG00000153561
2,121633939,0.25074205,0.045799136,T_CD4_naive:ENSG00000155438
2,99174934,-0.10505867,0.18739861,T_CD4_naive:ENSG00000158411
2,24143118,-0.1866899,0.02837169,T_CD4_naive:ENSG00000219626
2,195526782,0.25660443,0.047147106,T_CD4_naive:ENSG00000224099
2,84923775,0.27936578,0.073777705,T_CD4_naive:ENSG00000287625
22,23795154,0.1902797,0.11049843,T_CD4_naive:ENSG00000099953
22,19207151,-0.2772302,0.36551088,T_CD4_naive:ENSG00000100075
22,28586047,-1.0496371,0.12735191,T_CD4_naive:ENSG00000100219
22,38668801,-0.11822128,0.015090878,T_CD4_naive:ENSG00000100242
22,21610472,-0.6437335,0.31710425,T_CD4_naive:ENSG00000185651
22,23073819,-0.023593107,0.019182755,T_CD4_naive:ENSG00000211677
22,49655201,0.11470693,0.037069585,T_CD4_naive:ENSG00000235111
15,25069632,0.13163315,0.01693291,T_CD4_naive:ENSG00000128739
15,74840879,-0.07971054,0.03249708,T_CD4_naive:ENSG00000140474
15,64234618,0.13344389,0.026409844,T_CD4_naive:ENSG00000166794
15,44770101,0.3691767,0.048012905,T_CD4_naive:ENSG00000185880
15,44710916,0.3965275,0.062372297,T_CD4_naive:ENSG00000229474
15,83851018,0.10342936,0.07932979,T_CD4_naive:ENSG00000276278
10,88923299,-0.42592725,0.14735408,T_CD4_naive:ENSG00000107796
10,68481999,-0.07721617,0.1372545,T_CD4_naive:ENSG00000138346
10,73973541,-0.032351468,0.016050179,T_CD4_naive:ENSG00000156650
10,23507426,0.25173515,0.09427471,T_CD4_naive:ENSG00000165312
10,73072844,-0.23653789,0.16280004,T_CD4_naive:ENSG00000166321
10,97614009,0.038033247,0.22365545,T_CD4_naive:ENSG00000171160
10,87035700,0.15949415,0.13841093,T_CD4_naive:ENSG00000223482
17,47952596,0.03330909,0.019782452,T_CD4_naive:ENSG00000082641
17,43330633,-0.15373014,0.02201422,T_CD4_naive:ENSG00000108828
17,63917670,0.089925654,0.013044323,T_CD4_naive:ENSG00000136490
17,7826388,0.0787987,0.14616477,T_CD4_naive:ENSG00000170043
17,43405469,0.08464013,0.025129994,T_CD4_naive:ENSG00000175906
17,76755429,0.7953427,0.24377592,T_CD4_naive:ENSG00000181038
17,43367278,-0.24895021,0.027855694,T_CD4_naive:ENSG00000188825
17,19301295,0.018715296,0.028327486,T_CD4_naive:ENSG00000262202
17,67896164,-0.14446858,0.024208104,T_CD4_naive:ENSG00000274561
18,32072864,-0.29399347,0.047411174,T_CD4_naive:ENSG00000101695
18,79812586,0.011742686,0.038949534,T_CD4_naive:ENSG00000122490
18,47956375,-0.28647375,0.0780607,T_CD4_naive:ENSG00000175387
18,76991210,0.07754928,0.049499154,T_CD4_naive:ENSG00000287680
16,10986513,-0.03943352,0.04568286,T_CD4_naive:ENSG00000038532
16,809848,-0.24750727,0.30140838,T_CD4_naive:ENSG00000095906
16,720148,-0.6741425,0.179239,T_CD4_naive:ENSG00000103260
16,88491764,-0.2084,0.11569242,T_CD4_naive:ENSG00000179588
16,66513368,-0.20886049,0.055300444,T_CD4_naive:ENSG00000260755
16,67802649,0.0072218427,0.032504965,T_CD4_naive:ENSG00000263276
1,52503242,0.3122642,0.045105785,T_CD4_naive:ENSG00000116157
1,236830161,-0.17690635,0.15294792,T_CD4_naive:ENSG00000116984
1,45795912,-0.015592228,0.021519342,T_CD4_naive:ENSG00000117461
1,25563426,0.064595304,0.018121395,T_CD4_naive:ENSG00000117643
1,25642199,-0.32825682,0.13522431,T_CD4_naive:ENSG00000117643
1,119795212,0.53168404,0.27210805,T_CD4_naive:ENSG00000134193
1,172386701,0.85611004,0.30171,T_CD4_naive:ENSG00000135845
1,225787569,-0.04453145,0.058616817,T_CD4_naive:ENSG00000143742
1,160983590,-0.3292645,0.3395791,T_CD4_naive:ENSG00000158773
1,161041001,-0.110122636,0.1996461,T_CD4_naive:ENSG00000158773
1,26333303,0.2930205,0.008712645,T_CD4_naive:ENSG00000169442
1,167455687,0.2858944,0.10571755,T_CD4_naive:ENSG00000198821
1,100258941,-0.6267869,0.2712587,T_CD4_naive:ENSG00000224616
1,222589873,0.10892408,0.41384467,T_CD4_naive:ENSG00000225265
1,25587890,0.065553956,0.18089028,T_CD4_naive:ENSG00000225643
8,27500177,0.48630285,0.20522828,T_CD4_naive:ENSG00000120915
8,142378524,-0.09717881,0.030669611,T_CD4_naive:ENSG00000171045
8,11816783,-0.45927095,0.13147917,T_CD4_naive:ENSG00000255046
8,11969797,0.289855,0.096687734,T_CD4_naive:ENSG00000255495
8,10421973,0.100158446,0.052547462,T_CD4_naive:ENSG00000261451
6,44203423,0.56399417,0.17829914,T_CD4_naive:ENSG00000096384
6,159682052,0.20046875,0.020317279,T_CD4_naive:ENSG00000112096
6,52239311,0.0073109525,0.043850873,T_CD4_naive:ENSG00000112118
6,4948136,-0.13398537,0.06375193,T_CD4_naive:ENSG00000124787
6,109600318,0.16657576,0.08503205,T_CD4_naive:ENSG00000155085
6,149540845,-0.4490296,0.091883354,T_CD4_naive:ENSG00000178199
6,143060575,-0.13447388,0.035288475,T_CD4_naive:ENSG00000227192
6,27303855,0.03737927,0.02574377,T_CD4_naive:ENSG00000274997
6,136760404,0.07723129,0.019221302,T_CD4_naive:ENSG00000286646
21,34199709,-0.076316796,0.15870218,T_CD4_naive:ENSG00000243927
9,32993822,-0.026826493,0.050408952,T_CD4_naive:ENSG00000086061
9,27029641,-0.050835237,0.105381265,T_CD4_naive:ENSG00000096872
9,98105008,0.122759365,0.01983118,T_CD4_naive:ENSG00000106785
9,370199,0.004972957,0.12866847,T_CD4_naive:ENSG00000107099
9,124421281,-0.131373,0.066257894,T_CD4_naive:ENSG00000136930
9,7815162,0.09064894,0.04728952,T_CD4_naive:ENSG00000137038
9,19230274,0.18449265,0.2758528,T_CD4_naive:ENSG00000137145
9,128338239,0.15151264,0.030476097,T_CD4_naive:ENSG00000167118
9,7505401,-0.12046739,0.39042434,T_CD4_naive:ENSG00000224972
16,55833085,0.38129663,0.2889594,cDC2:ENSG00000198848
16,66535280,0.14185967,0.050989013,cDC2:ENSG00000217555
7,76033808,-0.86217564,0.43207532,cDC2:ENSG00000127952
12,6154368,-0.65540975,0.38251472,cDC2:ENSG00000010278
12,102209176,-0.3660588,0.23531437,cDC2:ENSG00000120860
12,69362348,-0.02198249,0.14807172,cDC2:ENSG00000127337
12,56129273,-0.043031383,0.04088745,cDC2:ENSG00000229117
10,20778279,0.19222535,0.18480957,cDC2:ENSG00000078403
10,58591001,0.14350104,0.2885288,cDC2:ENSG00000122870
10,58296354,-0.35130537,0.092911586,cDC2:ENSG00000122873
1,232935057,0.07018452,0.26288646,cDC2:ENSG00000135778
1,27469457,0.013562078,0.044200104,cDC2:ENSG00000158195
1,212854871,0.1833759,0.12394448,cDC2:ENSG00000162769
1,159402493,0.105743155,0.13250695,cDC2:ENSG00000179639
21,46340602,0.07748809,0.13938971,cDC2:ENSG00000160307
22,42623530,-0.22895777,0.060468223,cDC2:ENSG00000100243
2,99208639,0.13059513,0.11018573,cDC2:ENSG00000135951
2,100118842,-0.047417473,0.3958815,cDC2:ENSG00000144218
2,231708591,0.058162548,0.019538533,cDC2:ENSG00000187514
3,132286812,-0.21079807,0.0781735,cDC2:ENSG00000014257
13,49434799,0.16496487,0.053415865,cDC2:ENSG00000136144
13,50895137,0.26390246,0.22432044,cDC2:ENSG00000231607
20,60055635,0.35483468,0.29464114,cDC2:ENSG00000176659
8,67352144,-0.18914303,0.19957961,cDC2:ENSG00000178460
5,50275311,-0.042196102,0.11872428,cDC2:ENSG00000170571
13,100590907,-0.120933294,0.15352677,T_CD4_EM:ENSG00000134864
13,52474475,0.15029484,0.069529705,T_CD4_EM:ENSG00000136098
13,32803480,-0.033200942,0.024057798,T_CD4_EM:ENSG00000244754
13,74213100,0.107436955,0.031532776,T_CD4_EM:ENSG00000286330
10,33032499,0.2085729,0.07531797,T_CD4_EM:ENSG00000150093
10,32468248,-0.14990228,0.028717501,T_CD4_EM:ENSG00000216937
10,87402003,0.11339908,0.3489108,T_CD4_EM:ENSG00000223482
5,131161512,0.1294257,0.0168247,T_CD4_EM:ENSG00000169567
5,50755486,-0.17466432,0.024643788,T_CD4_EM:ENSG00000170571
5,151787203,-0.07556989,0.024754018,T_CD4_EM:ENSG00000177556
6,57194335,-0.8967093,0.22271945,T_CD4_EM:ENSG00000112208
12,50179717,-0.22168778,0.12071628,T_CD4_EM:ENSG00000050405
12,12557644,-0.099133566,0.07802717,T_CD4_EM:ENSG00000111266
12,56471256,-0.77729195,0.35946086,T_CD4_EM:ENSG00000111602
12,49125402,-0.17583193,0.20185377,T_CD4_EM:ENSG00000123416
12,57803019,0.26139766,0.12636891,T_CD4_EM:ENSG00000123427
12,69375495,-0.15726463,0.057525385,T_CD4_EM:ENSG00000127337
12,92434493,-0.19129954,0.041041154,T_CD4_EM:ENSG00000133639
12,75517538,-0.18207258,0.32658368,T_CD4_EM:ENSG00000139278
12,46355182,0.841903,0.3196649,T_CD4_EM:ENSG00000257261
12,47683658,-0.17198858,0.17803003,T_CD4_EM:ENSG00000257433
21,33411216,-0.22142762,0.10042217,T_CD4_EM:ENSG00000142166
21,38264500,0.068376124,0.10499703,T_CD4_EM:ENSG00000157557
21,44835859,1.2462403,0.36699945,T_CD4_EM:ENSG00000183255
21,38613300,0.22090071,0.43642256,T_CD4_EM:ENSG00000237373
9,37491722,0.07693024,0.052864462,T_CD4_EM:ENSG00000137054
9,20890317,-0.05853011,0.12115393,T_CD4_EM:ENSG00000188921
9,90915059,-0.060646273,0.10587819,T_CD4_EM:ENSG00000273381
18,46734110,0.023519427,0.09210592,T_CD4_EM:ENSG00000152234
7,105422791,0.15933554,0.090581894,T_CD4_EM:ENSG00000005483
7,73718970,-0.056266986,0.1417261,T_CD4_EM:ENSG00000071462
7,99418213,-0.11363143,0.077038094,T_CD4_EM:ENSG00000106245
7,66738014,0.0768336,0.023578664,T_CD4_EM:ENSG00000126522
8,100340407,0.045507424,0.16618253,T_CD4_EM:ENSG00000164919
8,71850832,-0.12440418,0.022618799,T_CD4_EM:ENSG00000235531
19,10416990,0.08823872,0.070482,T_CD4_EM:ENSG00000076662
19,48113401,0.2712591,0.07800877,T_CD4_EM:ENSG00000105499
19,3609378,-0.03609902,0.021174422,T_CD4_EM:ENSG00000126934
19,54103097,-0.18591318,0.01683567,T_CD4_EM:ENSG00000170906
1,165692371,0.25790843,0.050711192,T_CD4_EM:ENSG00000143149
1,151995360,-0.050611313,0.039848045,T_CD4_EM:ENSG00000197747
1,35058680,0.17257029,0.060734045,T_CD4_EM:ENSG00000243749
11,61813163,-0.10577099,0.014097662,T_CD4_EM:ENSG00000167996
11,74412787,-0.018365089,0.027797319,T_CD4_EM:ENSG00000175581
14,102047890,-0.22145194,0.02506072,T_CD4_EM:ENSG00000080824
14,67391271,-0.23340984,0.09176306,T_CD4_EM:ENSG00000100554
14,56655004,0.022133011,0.07792867,T_CD4_EM:ENSG00000139946
3,48811703,0.15912886,0.049397368,T_CD4_EM:ENSG00000068745
3,49520424,0.11731224,0.044947904,T_CD4_EM:ENSG00000068745
3,134160803,-0.24587554,0.1017146,T_CD4_EM:ENSG00000163785
17,17186785,-0.22151008,0.05118144,T_CD4_EM:ENSG00000133030
17,29078147,-0.044406995,0.024042867,T_CD4_EM:ENSG00000264577
20,61922523,-0.030080648,0.044095762,T_CD4_EM:ENSG00000101181
20,32706978,-0.14257462,0.030007113,T_CD4_EM:ENSG00000149600
20,62415019,0.039882563,0.007109984,T_CD4_EM:ENSG00000171858
2,195782064,-0.0741954,0.022361865,T_CD4_EM:ENSG00000081320
2,7454385,-0.13856436,0.019267138,T_CD4_EM:ENSG00000235576
4,39546748,0.051644634,0.030835155,T_CD4_EM:ENSG00000109814
4,38948910,-0.5880305,0.07786813,T_CD4_EM:ENSG00000121895
15,28236050,0.17394018,0.05101677,T_CD4_EM:ENSG00000128731
15,62060644,0.12592776,0.020459162,T_CD4_EM:ENSG00000129003
13,40994736,-0.70419604,0.20800167,Monocyte_CD16:ENSG00000120690
13,25340713,0.33518246,0.15224281,Monocyte_CD16:ENSG00000139496
13,49804778,0.02131964,0.13438864,Monocyte_CD16:ENSG00000152213
13,114060158,0.0642688,0.038281657,Monocyte_CD16:ENSG00000185989
13,50670025,0.007901411,0.15721163,Monocyte_CD16:ENSG00000204977
13,40412908,-0.30808094,0.30177066,Monocyte_CD16:ENSG00000215483
5,140861442,-0.06911739,0.020812213,Monocyte_CD16:ENSG00000146007
5,36807454,0.0042731212,0.025729671,Monocyte_CD16:ENSG00000164190
5,181291831,0.10251838,0.030466879,Monocyte_CD16:ENSG00000204628
5,112191771,-0.3349495,0.16567495,Monocyte_CD16:ENSG00000224032
5,78471313,-0.14934985,0.05539316,Monocyte_CD16:ENSG00000245556
6,110477288,0.12380011,0.034480777,Monocyte_CD16:ENSG00000004809
6,170536845,0.117849275,0.016502507,Monocyte_CD16:ENSG00000008018
6,83127322,0.68319404,0.3086137,Monocyte_CD16:ENSG00000013392
6,3294692,-0.09533431,0.10017259,Monocyte_CD16:ENSG00000137266
6,111272853,0.102823034,0.027164819,Monocyte_CD16:ENSG00000173214
6,149845687,-0.5627166,0.15068369,Monocyte_CD16:ENSG00000273132
20,63535329,0.06585794,0.04909311,Monocyte_CD16:ENSG00000101213
20,374630,0.63411653,0.16861373,Monocyte_CD16:ENSG00000101255
20,63503252,0.85883784,0.24383433,Monocyte_CD16:ENSG00000125534
2,177609808,0.16161047,0.04274093,Monocyte_CD16:ENSG00000018510
2,100545642,-0.026196472,0.032867115,Monocyte_CD16:ENSG00000115539
2,178160348,0.008303476,0.06495969,Monocyte_CD16:ENSG00000180228
9,32998239,0.15695944,0.16573283,Monocyte_CD16:ENSG00000086061
9,32575647,-0.031794604,0.1477348,Monocyte_CD16:ENSG00000107201
9,129852798,-0.09829185,0.021979373,Monocyte_CD16:ENSG00000136827
9,4741883,0.107832395,0.14423205,Monocyte_CD16:ENSG00000147853
9,27558240,-0.19481163,0.053150214,Monocyte_CD16:ENSG00000147894
9,136382223,0.27133247,0.063517176,Monocyte_CD16:ENSG00000213221
9,33662595,0.11494017,0.21577801,Monocyte_CD16:ENSG00000281128
14,65107059,0.24805751,0.05683966,Monocyte_CD16:ENSG00000125952
14,20980390,0.40424034,0.08148844,Monocyte_CD16:ENSG00000165792
14,103501483,-0.08060955,0.022969434,Monocyte_CD16:ENSG00000166166
14,104201850,0.07629761,0.055619128,Monocyte_CD16:ENSG00000166166
14,58215977,0.1585583,0.035237316,Monocyte_CD16:ENSG00000257621
14,56109811,0.18890166,0.035227027,Monocyte_CD16:ENSG00000277763
22,50535388,-0.1021279,0.024709668,Monocyte_CD16:ENSG00000025708
22,20849722,0.59923714,0.12690711,Monocyte_CD16:ENSG00000099940
22,37268582,-0.07441698,0.01657086,Monocyte_CD16:ENSG00000100055
22,41412346,0.12864813,0.025346717,Monocyte_CD16:ENSG00000100410
22,41457924,0.08831624,0.028147528,Monocyte_CD16:ENSG00000167074
22,44684021,-0.28939253,0.040733106,Monocyte_CD16:ENSG00000186654
22,45163528,0.46502322,0.2212362,Monocyte_CD16:ENSG00000226328
22,42428252,-0.15911125,0.035619706,Monocyte_CD16:ENSG00000235568
12,6792800,0.67526126,0.35799792,Monocyte_CD16:ENSG00000010610
12,80944970,0.3473567,0.2720933,Monocyte_CD16:ENSG00000111052
12,96032937,-0.14835072,0.20421255,Monocyte_CD16:ENSG00000111145
12,8980660,-0.5311643,0.27593428,Monocyte_CD16:ENSG00000111752
12,70247362,0.545595,0.22815727,Monocyte_CD16:ENSG00000135643
12,75484279,0.16475765,0.1336933,Monocyte_CD16:ENSG00000139278
12,110006745,0.16258503,0.04209082,Monocyte_CD16:ENSG00000139433
12,50205926,0.1376534,0.021280685,Monocyte_CD16:ENSG00000178449
12,50924640,-0.40930158,0.08737535,Monocyte_CD16:ENSG00000185432
18,12327753,0.008082376,0.026536468,Monocyte_CD16:ENSG00000085415
18,2928383,-0.086290374,0.027910855,Monocyte_CD16:ENSG00000132205
18,35939480,0.09374413,0.0328957,Monocyte_CD16:ENSG00000141428
18,24484864,0.41045147,0.04927217,Monocyte_CD16:ENSG00000141447
19,14971976,0.0053166063,0.049400516,Monocyte_CD16:ENSG00000132002
19,20286746,-0.09118427,0.02908744,Monocyte_CD16:ENSG00000197124
19,39967805,-0.26708183,0.047143627,Monocyte_CD16:ENSG00000197782
19,9595679,0.27650762,0.036706015,Monocyte_CD16:ENSG00000197961
21,42833834,-0.0015126871,0.020825181,Monocyte_CD16:ENSG00000160201
21,43684430,0.8876865,0.41160935,Monocyte_CD16:ENSG00000160201
21,43791595,-0.11177016,0.016684268,Monocyte_CD16:ENSG00000160213
21,43830276,-0.066436395,0.034316007,Monocyte_CD16:ENSG00000160214
21,43983133,0.52022606,0.23038584,Monocyte_CD16:ENSG00000160216
21,37501669,0.0058422424,0.022789398,Monocyte_CD16:ENSG00000272948
3,149716148,-0.18920657,0.250037,Monocyte_CD16:ENSG00000114744
3,121875676,0.16993335,0.05602317,Monocyte_CD16:ENSG00000180353
3,153154958,0.2077392,0.09601244,Monocyte_CD16:ENSG00000181467
16,67136219,-0.100699775,0.060986735,Monocyte_CD16:ENSG00000159714
16,88505611,0.14467512,0.0775345,Monocyte_CD16:ENSG00000179588
16,28934248,0.06108427,0.11499053,Monocyte_CD16:ENSG00000260853
8,26441046,-0.23972797,0.06361007,Monocyte_CD16:ENSG00000104765
8,102621805,-0.08419043,0.0165773,Monocyte_CD16:ENSG00000155090
8,85438822,-0.07754836,0.020915555,Monocyte_CD16:ENSG00000176731
8,99966377,0.061101418,0.053659108,Monocyte_CD16:ENSG00000186106
7,99387512,-0.15491562,0.067317136,Monocyte_CD16:ENSG00000106245
7,158806292,-0.31535015,0.044386353,Monocyte_CD16:ENSG00000117868
7,167778,0.13745098,0.044973087,Monocyte_CD16:ENSG00000177706
7,31009025,0.03633108,0.03006127,Monocyte_CD16:ENSG00000180354
7,150615924,-0.0017888922,0.22106855,Monocyte_CD16:ENSG00000213203
7,136239495,0.16798814,0.05174622,Monocyte_CD16:ENSG00000232053
1,160737614,0.12276686,0.14335515,Monocyte_CD16:ENSG00000026751
1,205687455,-0.4815502,0.359082,Monocyte_CD16:ENSG00000117280
1,185212015,0.27846107,0.1417682,Monocyte_CD16:ENSG00000121486
1,27397065,0.31035104,0.26354596,Monocyte_CD16:ENSG00000158195
1,203290045,0.044843487,0.037872907,Monocyte_CD16:ENSG00000159388
1,1533178,-0.44613174,0.07468967,Monocyte_CD16:ENSG00000160075
1,89106332,0.019418264,0.095281266,Monocyte_CD16:ENSG00000162645
1,155755107,-0.051599365,0.25902277,Monocyte_CD16:ENSG00000163374
1,156278116,0.15596998,0.110134386,Monocyte_CD16:ENSG00000163374
1,9661053,0.19533943,0.024628222,Monocyte_CD16:ENSG00000171608
1,207335147,-0.31184062,0.12951858,Monocyte_CD16:ENSG00000196352
1,85276238,-0.21512686,0.1771991,Monocyte_CD16:ENSG00000223653
1,93446733,0.17283458,0.3030014,Monocyte_CD16:ENSG00000223745
4,106122738,0.04825204,0.025968598,Monocyte_CD16:ENSG00000164022
4,11201990,-0.020882133,0.052218102,Monocyte_CD16:ENSG00000178163
15,28214998,-0.16739625,0.046425812,Monocyte_CD16:ENSG00000128731
15,67024729,-0.3014184,0.030274794,Monocyte_CD16:ENSG00000166949
15,23500527,-0.042817175,0.09893737,Monocyte_CD16:ENSG00000179455
15,41328997,0.34252074,0.09898124,Monocyte_CD16:ENSG00000247556
15,67755003,0.16358444,0.03125539,Monocyte_CD16:ENSG00000259673
10,60034037,0.04181592,0.29377398,Monocyte_CD16:ENSG00000108091
10,110389235,-0.16779846,0.018615691,Monocyte_CD16:ENSG00000138166
10,117366815,0.06879136,0.028045386,Monocyte_CD16:ENSG00000165650
10,49893756,-0.047664292,0.20496076,Monocyte_CD16:ENSG00000285803
17,5431530,-0.041268013,0.031637557,Monocyte_CD16:ENSG00000108523
17,63955441,-0.42289546,0.2704462,Monocyte_CD16:ENSG00000136490
17,7926499,0.06154385,0.21476169,Monocyte_CD16:ENSG00000170043
17,75273958,0.16518436,0.026482103,Monocyte_CD16:ENSG00000177885
17,81511844,-0.09792375,0.012979785,Monocyte_CD16:ENSG00000184009
17,56844665,0.15188111,0.023474718,Monocyte_CD16:ENSG00000214226
17,19253591,0.10406418,0.062201906,Monocyte_CD16:ENSG00000262202
11,1871332,-1.0017104,0.07509511,Monocyte_CD16:ENSG00000130592
11,47353360,-0.2547024,0.07489007,Monocyte_CD16:ENSG00000134571
11,69053101,0.47564685,0.13639125,Monocyte_CD16:ENSG00000162341
15,49414270,0.1269381,0.022033634,T_CD4_CM:ENSG00000156958
15,64260008,-0.111910835,0.033255424,T_CD4_CM:ENSG00000166803
8,119779483,0.05390961,0.09618281,T_CD4_CM:ENSG00000136982
8,97642593,-0.0693727,0.017213618,T_CD4_CM:ENSG00000147649
8,130394176,0.033018302,0.037816506,T_CD4_CM:ENSG00000153310
8,143026785,-0.1775306,0.028870042,T_CD4_CM:ENSG00000160932
8,143027821,0.7513053,0.23554443,T_CD4_CM:ENSG00000160932
8,89192087,0.13900238,0.05867732,T_CD4_CM:ENSG00000164823
8,17300168,-0.11619576,0.031144705,T_CD4_CM:ENSG00000198791
8,117280207,0.10176082,0.29670367,T_CD4_CM:ENSG00000287826
5,55044890,0.0807294,0.027680822,T_CD4_CM:ENSG00000039123
5,170310458,0.07526475,0.021079415,T_CD4_CM:ENSG00000043462
5,180291189,-0.10691968,0.031961728,T_CD4_CM:ENSG00000050748
5,10459443,0.06423749,0.032290984,T_CD4_CM:ENSG00000145491
5,64768584,-0.124074295,0.026090715,T_CD4_CM:ENSG00000153006
5,146744488,0.66436344,0.17080256,T_CD4_CM:ENSG00000156475
5,5459769,0.29069892,0.074754454,T_CD4_CM:ENSG00000164151
5,53731156,0.19212364,0.021188628,T_CD4_CM:ENSG00000164258
5,141544399,-0.14333256,0.030963851,T_CD4_CM:ENSG00000164620
5,127041262,0.1482713,0.09459548,T_CD4_CM:ENSG00000173926
5,151835070,0.11684172,0.018134514,T_CD4_CM:ENSG00000177556
5,112160901,0.43425623,0.1445013,T_CD4_CM:ENSG00000224032
5,181257826,-0.13660236,0.052256923,T_CD4_CM:ENSG00000233937
5,42998542,0.2163488,0.021671647,T_CD4_CM:ENSG00000286656
6,158702667,-0.0079994155,0.020612163,T_CD4_CM:ENSG00000078269
6,10698923,-0.3391715,0.18793379,T_CD4_CM:ENSG00000111843
6,2968811,0.3804729,0.08143922,T_CD4_CM:ENSG00000124570
6,169588361,-0.059155073,0.021596236,T_CD4_CM:ENSG00000130024
6,3027737,0.030373357,0.03861139,T_CD4_CM:ENSG00000137275
6,89099604,-0.12346878,0.014753468,T_CD4_CM:ENSG00000146278
6,70406469,0.25862715,0.02755882,T_CD4_CM:ENSG00000154079
6,27800181,-0.028689625,0.08615386,T_CD4_CM:ENSG00000184357
6,26899587,0.16900694,0.038765155,T_CD4_CM:ENSG00000274997
21,42945085,0.21908508,0.024722366,T_CD4_CM:ENSG00000160201
21,43917564,0.0504651,0.019943025,T_CD4_CM:ENSG00000160216
21,44037419,0.19047284,0.023349276,T_CD4_CM:ENSG00000160218
21,34115179,0.6049216,0.18086456,T_CD4_CM:ENSG00000243927
1,179314708,-0.3019081,0.22143349,T_CD4_CM:ENSG00000057252
1,62447248,-0.33274436,0.3343645,T_CD4_CM:ENSG00000116641
1,174840322,0.052440006,0.2272088,T_CD4_CM:ENSG00000120333
1,31378382,-0.191326,0.08321048,T_CD4_CM:ENSG00000121766
1,151415486,-0.43281585,0.2688708,T_CD4_CM:ENSG00000159377
1,67187327,0.46620962,0.30428442,T_CD4_CM:ENSG00000162594
1,183633890,1.1028323,0.20360741,T_CD4_CM:ENSG00000162704
1,222611300,-0.07811964,0.032293893,T_CD4_CM:ENSG00000162819
1,236465834,0.42605448,0.09308212,T_CD4_CM:ENSG00000186197
1,245035798,0.047466855,0.2757683,T_CD4_CM:ENSG00000203666
1,35021086,-0.27627662,0.053133287,T_CD4_CM:ENSG00000243749
1,146054161,-0.10046534,0.22855143,T_CD4_CM:ENSG00000265972
1,89221530,-0.7054718,0.28635857,T_CD4_CM:ENSG00000284734
9,132326938,-0.16409944,0.11965328,T_CD4_CM:ENSG00000107290
9,110272923,0.0707542,0.099929154,T_CD4_CM:ENSG00000136810
9,84652784,-0.11703407,0.03744988,T_CD4_CM:ENSG00000148053
9,133548513,-0.009928842,0.012498147,T_CD4_CM:ENSG00000148303
9,134103764,-0.0042054653,0.0059169373,T_CD4_CM:ENSG00000148303
9,136473158,-0.062724285,0.029056432,T_CD4_CM:ENSG00000148384
9,123269093,0.122688726,0.080672674,T_CD4_CM:ENSG00000171496
9,97373240,0.20361543,0.14265509,T_CD4_CM:ENSG00000197816
9,3508131,0.08760368,0.091897376,T_CD4_CM:ENSG00000232104
9,37152392,-0.19073507,0.12632492,T_CD4_CM:ENSG00000281649
17,5569807,-0.08122723,0.023314776,T_CD4_CM:ENSG00000091592
17,29336830,0.08151045,0.024801675,T_CD4_CM:ENSG00000108256
17,4821916,0.012018443,0.03844606,T_CD4_CM:ENSG00000108556
17,31500411,-0.08906795,0.02077811,T_CD4_CM:ENSG00000131242
17,66299570,-0.17493252,0.01784814,T_CD4_CM:ENSG00000154229
17,76755429,0.7979142,0.24409358,T_CD4_CM:ENSG00000181038
17,30673640,-0.1555232,0.07143502,T_CD4_CM:ENSG00000214719
17,19354760,0.19497249,0.04179372,T_CD4_CM:ENSG00000228157
17,30762829,-0.10658064,0.03236957,T_CD4_CM:ENSG00000266490
10,1087688,-0.1367991,0.024740146,T_CD4_CM:ENSG00000047056
10,104040756,0.14994846,0.023396527,T_CD4_CM:ENSG00000065613
10,69509741,-0.026438987,0.029704992,T_CD4_CM:ENSG00000099282
10,48383675,0.0053545157,0.058110647,T_CD4_CM:ENSG00000107643
10,93738853,-0.118150614,0.05759768,T_CD4_CM:ENSG00000148690
10,60628901,0.12647024,0.18406612,T_CD4_CM:ENSG00000151150
10,437650,0.197334,0.056742962,T_CD4_CM:ENSG00000151240
10,43129315,0.30218318,0.17346714,T_CD4_CM:ENSG00000196693
10,43523191,0.016574167,0.03925405,T_CD4_CM:ENSG00000196793
10,119272299,-0.069422744,0.022033153,T_CD4_CM:ENSG00000198873
10,43516376,0.24464114,0.04151096,T_CD4_CM:ENSG00000230555
10,27500327,0.49064824,0.21912822,T_CD4_CM:ENSG00000285737
10,86905065,0.12073042,0.26859364,T_CD4_CM:ENSG00000287077
12,92829590,0.52132607,0.26570147,T_CD4_CM:ENSG00000102189
12,9855162,-0.036323536,0.040209573,T_CD4_CM:ENSG00000110852
12,11171340,0.0028112212,0.0861092,T_CD4_CM:ENSG00000111215
12,6534473,-0.2798386,0.17435098,T_CD4_CM:ENSG00000111640
12,6868111,-1.4112954,0.13866459,T_CD4_CM:ENSG00000111669
12,113141409,-0.033562403,0.06952024,T_CD4_CM:ENSG00000123064
12,42407850,0.23261881,0.37352124,T_CD4_CM:ENSG00000134283
12,122185019,0.026878856,0.031893574,T_CD4_CM:ENSG00000175727
12,75394201,0.020355178,0.3244689,T_CD4_CM:ENSG00000180481
12,93468886,0.54688185,0.102514274,T_CD4_CM:ENSG00000198015
12,3910850,0.2765098,0.267072,T_CD4_CM:ENSG00000256862
12,56316135,1.0220205,0.25284436,T_CD4_CM:ENSG00000257727
12,46474128,0.25577843,0.32973555,T_CD4_CM:ENSG00000275481
16,1655433,0.1026894,0.043177847,T_CD4_CM:ENSG00000095906
16,67181417,0.16577141,0.15658289,T_CD4_CM:ENSG00000125122
16,89679718,-0.04726581,0.19361179,T_CD4_CM:ENSG00000131165
16,89906124,0.14273933,0.024489043,T_CD4_CM:ENSG00000141002
16,31773903,0.113810815,0.042359076,T_CD4_CM:ENSG00000259810
16,29146305,0.5309326,0.27012038,T_CD4_CM:ENSG00000260517
16,3862617,-0.17292953,0.121097356,T_CD4_CM:ENSG00000262899
2,85365218,-0.14645463,0.044159267,T_CD4_CM:ENSG00000042445
2,84407192,0.39734524,0.10767124,T_CD4_CM:ENSG00000115423
2,106138263,-0.07953771,0.038943782,T_CD4_CM:ENSG00000115652
2,230316570,-0.10555199,0.020196961,T_CD4_CM:ENSG00000135899
2,196274812,0.15337573,0.06412704,T_CD4_CM:ENSG00000138411
2,96381261,0.10677324,0.055839512,T_CD4_CM:ENSG00000144021
2,88170344,0.26178068,0.12244914,T_CD4_CM:ENSG00000144115
2,95198284,0.44380763,0.2781222,T_CD4_CM:ENSG00000172005
2,113862719,0.0032755672,0.042946987,T_CD4_CM:ENSG00000270019
2,86828250,-0.21309437,0.095220774,T_CD4_CM:ENSG00000273445
2,87342280,-0.3206078,0.24311861,T_CD4_CM:ENSG00000273445
20,2992553,0.09150893,0.019619219,T_CD4_CM:ENSG00000125901
20,32141165,0.064116664,0.015566152,T_CD4_CM:ENSG00000171456
20,25265314,-0.0090044085,0.021198034,T_CD4_CM:ENSG00000277938
7,156698802,0.34399953,0.16244826,T_CD4_CM:ENSG00000105983
7,141747143,0.05495653,0.13181311,T_CD4_CM:ENSG00000106028
7,76284862,0.56379634,0.1800836,T_CD4_CM:ENSG00000106211
7,99419060,-0.15155563,0.02947463,T_CD4_CM:ENSG00000106244
7,21850224,0.3021644,0.05358233,T_CD4_CM:ENSG00000164649
7,66314811,-0.16736166,0.021624915,T_CD4_CM:ENSG00000226824
7,143416747,-0.008050249,0.07024603,T_CD4_CM:ENSG00000276597
7,102288061,0.04026656,0.015903149,T_CD4_CM:ENSG00000285437
18,21399302,0.072915405,0.02740553,T_CD4_CM:ENSG00000141449
18,23573978,0.28430128,0.090378866,T_CD4_CM:ENSG00000141458
18,79201088,0.1553378,0.023422573,T_CD4_CM:ENSG00000166377
18,67308030,-0.20002168,0.038367532,T_CD4_CM:ENSG00000171451
18,58702334,0.096306734,0.021715203,T_CD4_CM:ENSG00000172175
18,47897249,0.26465163,0.08178493,T_CD4_CM:ENSG00000175387
18,74224215,0.022910498,0.052392047,T_CD4_CM:ENSG00000278607
11,124723104,0.25095657,0.06916746,T_CD4_CM:ENSG00000064199
11,2299736,0.1308428,0.034215245,T_CD4_CM:ENSG00000110651
11,93550692,-0.15478708,0.015933692,T_CD4_CM:ENSG00000166002
11,93702250,-0.64736146,0.1713461,T_CD4_CM:ENSG00000166012
11,95934466,0.21569116,0.032483596,T_CD4_CM:ENSG00000166037
11,6661980,-0.2017096,0.026976066,T_CD4_CM:ENSG00000166341
11,8169023,-0.63222444,0.22394645,T_CD4_CM:ENSG00000166405
11,112430536,-1.7945406,0.19301198,T_CD4_CM:ENSG00000250303
13,40978602,0.34099644,0.1562299,T_CD4_CM:ENSG00000120690
13,41198814,0.17529316,0.030352423,T_CD4_CM:ENSG00000120696
13,48474492,-0.24743704,0.0564095,T_CD4_CM:ENSG00000139679
13,43900634,-0.15529591,0.101192,T_CD4_CM:ENSG00000151773
13,114239460,0.10569421,0.019364275,T_CD4_CM:ENSG00000185989
13,39090126,-0.047110584,0.029139055,T_CD4_CM:ENSG00000188811
13,19821893,-0.2595354,0.028787456,T_CD4_CM:ENSG00000196199
13,100590907,-0.7433884,0.13342631,T_CD4_CM:ENSG00000224356
13,51347641,-0.5275868,0.11295426,T_CD4_CM:ENSG00000236778
13,30376940,-0.1621771,0.020858813,T_CD4_CM:ENSG00000238121
13,48073691,0.106060326,0.041519266,T_CD4_CM:ENSG00000276968
3,53905324,-0.14324239,0.019040743,T_CD4_CM:ENSG00000113811
3,122400767,-0.32750273,0.076760516,T_CD4_CM:ENSG00000114023
3,149740938,-0.13535188,0.2535373,T_CD4_CM:ENSG00000114744
3,156581306,-0.058047753,0.020608177,T_CD4_CM:ENSG00000114850
3,191330947,-0.20067376,0.042810827,T_CD4_CM:ENSG00000152492
3,46250670,0.19887161,0.021690117,T_CD4_CM:ENSG00000160791
3,134176830,-0.22600405,0.08823417,T_CD4_CM:ENSG00000163785
3,150755819,0.1324214,0.048973925,T_CD4_CM:ENSG00000181788
4,546310,0.045394152,0.025880074,T_CD4_CM:ENSG00000131127
4,152703875,-0.4339321,0.091449596,T_CD4_CM:ENSG00000170006
4,163493209,-0.18437897,0.11697965,T_CD4_CM:ENSG00000198498
4,25137350,-0.39046255,0.16013013,T_CD4_CM:ENSG00000281501
19,41850876,-0.08137461,0.0057989736,T_CD4_CM:ENSG00000105372
19,10415067,0.114589185,0.018444479,T_CD4_CM:ENSG00000105401
19,43460877,0.1604742,0.053655777,T_CD4_CM:ENSG00000124466
19,49590619,0.11259082,0.042991575,T_CD4_CM:ENSG00000126460
19,14482338,-0.1539405,0.017860537,T_CD4_CM:ENSG00000132002
19,54502908,0.007823156,0.062250756,T_CD4_CM:ENSG00000167618
19,38538561,0.18029647,0.045544825,T_CD4_CM:ENSG00000196218
19,39449351,-0.1030107,0.018630918,T_CD4_CM:ENSG00000196235
19,57908506,0.06904599,0.021756979,T_CD4_CM:ENSG00000204514
19,52341372,0.03842309,0.14281374,T_CD4_CM:ENSG00000204611
19,20296702,0.042496927,0.028137641,T_CD4_CM:ENSG00000267383
14,35334311,-0.08114864,0.044497844,T_CD4_CM:ENSG00000100902
14,23397716,-0.105491154,0.15794437,T_CD4_CM:ENSG00000139880
14,104898594,-0.096977875,0.12977673,T_CD4_CM:ENSG00000142208
14,88784021,0.2551989,0.17059624,T_CD4_CM:ENSG00000165521
14,21872530,-0.16308223,0.04776514,T_CD4_CM:ENSG00000211782
14,58254144,0.1382127,0.026123922,T_CD4_CM:ENSG00000257621
14,89569533,0.52957475,0.12766656,T_CD4_CM:ENSG00000259073
14,22552912,0.10185058,0.011788405,T_CD4_CM:ENSG00000277734
14,91882527,0.017260894,0.059610106,T_CD4_CM:ENSG00000286607
22,38118547,-0.022285815,0.027785344,T_CD4_CM:ENSG00000100129
22,38644728,-0.09184022,0.021275371,T_CD4_CM:ENSG00000100216
22,39325057,-0.113431774,0.038388774,T_CD4_CM:ENSG00000100316
22,31365887,-0.08620435,0.021076005,T_CD4_CM:ENSG00000182541
22,42616196,-0.10966169,0.022617605,T_CD4_CM:ENSG00000183569
22,41912735,-0.06663699,0.016159404,T_CD4_CM:ENSG00000198951
22,21446155,0.10659172,0.113381535,T_CD4_CM:ENSG00000206140
22,45149582,-0.53623694,0.22371174,T_CD4_CM:ENSG00000226328
6,111851380,0.17365687,0.1575114,B_naive:ENSG00000010810
6,36970022,-0.7033067,0.309644,B_naive:ENSG00000137409
21,29817864,0.008258432,0.05087871,B_naive:ENSG00000156265
21,46602613,-0.7223103,0.3042527,B_naive:ENSG00000160305
21,46602613,-0.5746002,0.29788142,B_naive:ENSG00000160310
21,41362186,-0.7298833,0.27176654,B_naive:ENSG00000183486
21,32774790,0.08583186,0.025006391,B_naive:ENSG00000205930
21,44032647,-0.26526326,0.03625005,B_naive:ENSG00000232124
19,38878729,-0.07750157,0.022104053,B_naive:ENSG00000104823
19,2262506,0.103653505,0.015783671,B_naive:ENSG00000104904
19,1396953,0.17044412,0.06435372,B_naive:ENSG00000130005
19,7682559,0.24735168,0.028671216,B_naive:ENSG00000181029
4,81125830,-0.043345846,0.033151712,B_naive:ENSG00000138669
4,38761766,0.2246879,0.065126315,B_naive:ENSG00000174123
4,56335085,-0.06009879,0.03336974,B_naive:ENSG00000174780
12,9644493,0.94426286,0.24467878,B_naive:ENSG00000069493
12,56552456,-0.45934415,0.3923411,B_naive:ENSG00000076067
12,112014458,-0.27869016,0.031976998,B_naive:ENSG00000089248
12,101699457,0.2870649,0.073630065,B_naive:ENSG00000111666
12,32269687,0.10216415,0.04111336,B_naive:ENSG00000151746
12,123680481,0.05196092,0.023007918,B_naive:ENSG00000256092
12,56316135,0.2413118,0.27186084,B_naive:ENSG00000257727
18,9543361,0.011884365,0.022806015,B_naive:ENSG00000017797
7,127347041,-0.14486387,0.021771468,B_naive:ENSG00000048405
7,90842383,0.030971952,0.023718907,B_naive:ENSG00000058091
7,88230612,0.11120185,0.0277805,B_naive:ENSG00000075142
7,43615493,0.12663935,0.026253276,B_naive:ENSG00000106603
7,77538247,-0.14430632,0.030008122,B_naive:ENSG00000127947
7,76058796,-0.23191358,0.40273607,B_naive:ENSG00000127952
7,130205362,-0.07964784,0.04631786,B_naive:ENSG00000146842
7,65330237,0.2974201,0.2249633,B_naive:ENSG00000152926
7,98107265,0.13132343,0.05138611,B_naive:ENSG00000164715
7,100163350,0.20288953,0.020324504,B_naive:ENSG00000188186
7,76514308,0.033542655,0.041508023,B_naive:ENSG00000188372
20,58238626,-2.445714e-05,0.021704419,B_naive:ENSG00000087460
20,62136161,-0.09644037,0.024679188,B_naive:ENSG00000101182
20,10426410,0.091180176,0.035388593,B_naive:ENSG00000125863
20,25454431,0.033104636,0.02196789,B_naive:ENSG00000154930
20,4064868,0.06326789,0.059363697,B_naive:ENSG00000276768
22,29908651,-0.026242528,0.07083465,B_naive:ENSG00000099992
22,38720790,-0.08811027,0.022718668,B_naive:ENSG00000100242
22,39034405,-0.010107826,0.029994424,B_naive:ENSG00000100316
22,50537172,0.079977386,0.033411283,B_naive:ENSG00000177989
22,22907918,0.6475314,0.078760535,B_naive:ENSG00000211675
22,17964348,0.06828276,0.024777383,B_naive:ENSG00000243156
22,22913493,0.18705775,0.06309405,B_naive:ENSG00000254030
17,77668563,0.013194239,0.023713201,B_naive:ENSG00000141524
17,66137180,-0.083876304,0.027652912,B_naive:ENSG00000154240
17,30698166,0.13351788,0.035795167,B_naive:ENSG00000172171
17,19253591,0.050304733,0.092523575,B_naive:ENSG00000262202
17,19347366,0.096037336,0.0280082,B_naive:ENSG00000262202
15,64095853,0.04264928,0.028640842,B_naive:ENSG00000035664
15,75096387,0.048784886,0.032348473,B_naive:ENSG00000138621
15,40004128,-0.20508154,0.03844364,B_naive:ENSG00000140319
15,76365660,-0.057212174,0.023851786,B_naive:ENSG00000140374
15,90317305,-0.06431504,0.024209242,B_naive:ENSG00000140575
15,79806096,0.12326123,0.19687444,B_naive:ENSG00000180953
15,32632746,-0.4299538,0.27249336,B_naive:ENSG00000198826
15,41247247,-0.087711565,0.0216123,B_naive:ENSG00000247556
10,80455121,0.5272499,0.29018894,B_naive:ENSG00000108219
10,89377854,0.14580281,0.025869159,B_naive:ENSG00000185745
10,110887358,-0.19726567,0.07505694,B_naive:ENSG00000214413
11,35110720,0.10099033,0.022507595,B_naive:ENSG00000026508
11,61902474,0.08413096,0.07394974,B_naive:ENSG00000162222
11,65738390,-0.21090679,0.20133567,B_naive:ENSG00000175376
16,17889090,0.013100016,0.024571784,B_naive:ENSG00000134419
16,18769615,0.038375232,0.006149398,B_naive:ENSG00000134419
16,66849640,0.054065548,0.022650277,B_naive:ENSG00000159593
16,66547047,-0.24716048,0.059224743,B_naive:ENSG00000166548
16,20598514,-0.09337061,0.02934873,B_naive:ENSG00000166743
16,22314293,0.11850828,0.32037333,B_naive:ENSG00000243716
16,78743527,-0.2695978,0.2006429,B_naive:ENSG00000260816
5,179370551,0.005490205,0.13489264,B_naive:ENSG00000127022
5,116114744,0.16639386,0.041506898,B_naive:ENSG00000145781
5,177710146,-0.71009797,0.24906488,B_naive:ENSG00000204677
5,97114018,-0.27190155,0.052127685,B_naive:ENSG00000286828
14,61804271,-0.3762538,0.13480659,B_naive:ENSG00000023608
14,94080599,-0.33530417,0.08270519,B_naive:ENSG00000089737
14,35072940,0.06043078,0.023772193,B_naive:ENSG00000100890
14,73778461,0.27522466,0.3747116,B_naive:ENSG00000119725
14,54877329,0.13450071,0.09082356,B_naive:ENSG00000131979
14,88116814,-0.24552765,0.21658626,B_naive:ENSG00000140030
14,50740435,-0.17998157,0.025073351,B_naive:ENSG00000151748
14,24031891,-0.0020509874,0.026120897,B_naive:ENSG00000157326
14,95627733,-0.4895029,0.16587113,B_naive:ENSG00000258927
14,106814260,0.09426812,0.034701105,B_naive:ENSG00000274576
3,182828909,0.04404337,0.024002157,B_naive:ENSG00000058063
3,278518,0.24614066,0.04602093,B_naive:ENSG00000134121
3,12838759,-0.049446013,0.0071727587,B_naive:ENSG00000144713
3,48371181,0.044831116,0.021860572,B_naive:ENSG00000164054
3,51157184,0.011892742,0.03277108,B_naive:ENSG00000259956
8,42324633,0.30673727,0.12376893,B_naive:ENSG00000104365
8,81834582,-0.14905243,0.028252177,B_naive:ENSG00000104497
8,131680812,0.003629945,0.023538625,B_naive:ENSG00000132294
8,82506823,0.023545291,0.03700741,B_naive:ENSG00000133731
8,143027821,0.43196598,0.31609786,B_naive:ENSG00000160932
8,60809993,0.0062141484,0.037596066,B_naive:ENSG00000178538
8,66879284,0.12221684,0.03735058,B_naive:ENSG00000245910
9,370199,0.075445145,0.15453169,B_naive:ENSG00000107099
9,685902,0.21486577,0.11105619,B_naive:ENSG00000107104
9,127712732,-0.0568966,0.022235973,B_naive:ENSG00000160404
9,34183754,-0.14799227,0.23063765,B_naive:ENSG00000164978
9,15514263,0.33615077,0.0492074,B_naive:ENSG00000164985
13,112872797,-0.10761992,0.02195595,B_naive:ENSG00000068650
13,39657157,0.06259681,0.023196034,B_naive:ENSG00000133103
13,100556174,-0.49753428,0.14889422,B_naive:ENSG00000134864
13,110695941,0.13966012,0.045670915,B_naive:ENSG00000134905
13,21022044,0.03984176,0.025114896,B_naive:ENSG00000150457
13,43867238,-0.07301005,0.105405,B_naive:ENSG00000151773
13,67247530,-0.14517058,0.018232062,B_naive:ENSG00000184226
13,114330642,-0.07888779,0.04356933,B_naive:ENSG00000198824
13,100565949,0.27784407,0.14943391,B_naive:ENSG00000224356
2,38660993,0.12674105,0.03519325,B_naive:ENSG00000143891
2,86828250,-0.084090225,0.10178865,B_naive:ENSG00000153561
2,99088084,-0.15744907,0.24999471,B_naive:ENSG00000158411
2,60421001,0.18854341,0.044178437,B_naive:ENSG00000228590
1,110384277,-0.05453387,0.20131652,B_naive:ENSG00000134248
1,246684522,-0.13165975,0.026762772,B_naive:ENSG00000143653
1,31432883,-0.218206,0.07265117,B_naive:ENSG00000168528
1,52643882,-0.10256089,0.059515633,B_naive:ENSG00000182183
1,1344048,0.13546067,0.033365306,B_naive:ENSG00000242485
11,44551685,0.01166639,0.023377405,T_CD8_EMRA:ENSG00000085117
11,118717159,-0.12620145,0.020198604,T_CD8_EMRA:ENSG00000110367
11,64243184,0.060812656,0.19599216,T_CD8_EMRA:ENSG00000110583
11,93653808,-0.7288427,0.21839902,T_CD8_EMRA:ENSG00000166012
11,65445498,-0.37488207,0.12717809,T_CD8_EMRA:ENSG00000245532
11,1222850,0.14835553,0.040820032,T_CD8_EMRA:ENSG00000255153
12,13022673,-0.0086445855,0.030270929,T_CD8_EMRA:ENSG00000013583
12,105947055,0.47868913,0.061501976,T_CD8_EMRA:ENSG00000074590
12,68276323,-0.58977914,0.35883307,T_CD8_EMRA:ENSG00000111554
12,75523031,-0.1050095,0.2932539,T_CD8_EMRA:ENSG00000111615
12,66365589,-0.122693345,0.018954905,T_CD8_EMRA:ENSG00000127311
12,3708648,0.6136392,0.30542323,T_CD8_EMRA:ENSG00000130038
12,42116543,0.21634433,0.27388003,T_CD8_EMRA:ENSG00000134283
12,10284559,0.40504307,0.15650365,T_CD8_EMRA:ENSG00000134539
12,48323300,-0.11458007,0.18974994,T_CD8_EMRA:ENSG00000167528
12,51352480,-0.55512625,0.2959755,T_CD8_EMRA:ENSG00000170545
12,10489336,0.3664569,0.16729538,T_CD8_EMRA:ENSG00000205810
12,11005791,-0.19447248,0.083848484,T_CD8_EMRA:ENSG00000212127
12,9048103,0.06281729,0.16474856,T_CD8_EMRA:ENSG00000245105
12,69331129,0.61006784,0.29132226,T_CD8_EMRA:ENSG00000274979
12,122028201,0.035748206,0.07374319,T_CD8_EMRA:ENSG00000275265
8,70977319,-0.17867702,0.044995688,T_CD8_EMRA:ENSG00000067167
8,38806966,0.13721429,0.031348266,T_CD8_EMRA:ENSG00000147526
8,103341927,0.33283743,0.07140504,T_CD8_EMRA:ENSG00000164930
8,55750016,-0.08793584,0.035219774,T_CD8_EMRA:ENSG00000167904
8,54096347,-0.004726383,0.028460618,T_CD8_EMRA:ENSG00000187735
6,83079884,0.4555903,0.3211493,T_CD8_EMRA:ENSG00000013392
6,106072760,0.46528247,0.36712557,T_CD8_EMRA:ENSG00000057657
6,26479974,-0.51402825,0.24991003,T_CD8_EMRA:ENSG00000111801
6,70814585,-0.2551801,0.07276668,T_CD8_EMRA:ENSG00000112309
6,106993607,0.03941363,0.030847833,T_CD8_EMRA:ENSG00000146285
6,117071942,0.027767476,0.02357665,T_CD8_EMRA:ENSG00000187189
6,26378204,-0.027002377,0.132385,T_CD8_EMRA:ENSG00000274997
6,27226280,0.1033655,0.07721913,T_CD8_EMRA:ENSG00000274997
5,57223112,0.023041498,0.022643318,T_CD8_EMRA:ENSG00000062194
5,56778446,0.06945867,0.022148266,T_CD8_EMRA:ENSG00000095015
5,157243037,0.065235995,0.023044169,T_CD8_EMRA:ENSG00000113263
5,143008637,0.112198375,0.056094684,T_CD8_EMRA:ENSG00000113580
5,132737966,0.09359356,0.036264163,T_CD8_EMRA:ENSG00000131437
5,157117907,-0.118779056,0.04359052,T_CD8_EMRA:ENSG00000135077
5,68224398,0.113350764,0.016093161,T_CD8_EMRA:ENSG00000145675
5,102762878,0.04937077,0.021522367,T_CD8_EMRA:ENSG00000145730
5,151835070,-0.07252567,0.020462772,T_CD8_EMRA:ENSG00000145907
5,1515672,0.18827167,0.04123363,T_CD8_EMRA:ENSG00000153395
5,181236035,-0.014722897,0.010379687,T_CD8_EMRA:ENSG00000204628
5,65555910,-0.11933321,0.022169413,T_CD8_EMRA:ENSG00000250081
9,277776,0.06502863,0.29814819,T_CD8_EMRA:ENSG00000107099
9,69207621,-0.1293218,0.02135155,T_CD8_EMRA:ENSG00000119139
9,78044904,-0.59616077,0.10304354,T_CD8_EMRA:ENSG00000156052
9,14694061,0.23141775,0.10911,T_CD8_EMRA:ENSG00000175893
9,76613638,0.11341436,0.050596524,T_CD8_EMRA:ENSG00000187210
9,4172815,-0.087615035,0.09871345,T_CD8_EMRA:ENSG00000226669
9,129147457,-0.12366508,0.03961352,T_CD8_EMRA:ENSG00000268707
10,17112688,0.15500821,0.053313017,T_CD8_EMRA:ENSG00000026025
10,104055483,-0.015087168,0.024467964,T_CD8_EMRA:ENSG00000065613
10,92405223,-0.017499764,0.032360666,T_CD8_EMRA:ENSG00000107854
10,80458350,-0.0688828,0.018276004,T_CD8_EMRA:ENSG00000108219
10,133421105,-0.4184957,0.17186083,T_CD8_EMRA:ENSG00000148824
10,33049571,0.00940926,0.05684336,T_CD8_EMRA:ENSG00000150093
10,62183533,-0.13813324,0.06465497,T_CD8_EMRA:ENSG00000150347
10,69226967,0.2359144,0.32631522,T_CD8_EMRA:ENSG00000156502
10,103402021,0.09675036,0.013864886,T_CD8_EMRA:ENSG00000173915
10,49179964,-0.1472373,0.09607862,T_CD8_EMRA:ENSG00000204161
10,87402003,0.0007252522,0.34463185,T_CD8_EMRA:ENSG00000223482
10,49893756,0.20037368,0.2069424,T_CD8_EMRA:ENSG00000285803
17,42659289,-0.2429237,0.17969409,T_CD8_EMRA:ENSG00000037042
17,68443402,0.2290485,0.033254188,T_CD8_EMRA:ENSG00000070540
17,19463485,0.3034321,0.11667845,T_CD8_EMRA:ENSG00000142494
17,9151970,0.018346932,0.045093387,T_CD8_EMRA:ENSG00000161970
17,30824006,-0.28510585,0.031304665,T_CD8_EMRA:ENSG00000176390
17,75271437,0.12625232,0.031838965,T_CD8_EMRA:ENSG00000263843
16,75788144,0.0020396737,0.035921603,T_CD8_EMRA:ENSG00000034713
16,963618,-0.064288855,0.08815198,T_CD8_EMRA:ENSG00000103227
16,716690,-0.046978753,0.07425175,T_CD8_EMRA:ENSG00000103254
16,56538789,0.06317613,0.055405222,T_CD8_EMRA:ENSG00000125124
16,82187644,-0.1240784,0.03310215,T_CD8_EMRA:ENSG00000135698
16,67666045,0.08769388,0.03015108,T_CD8_EMRA:ENSG00000167261
16,22305004,-0.051659964,0.077298746,T_CD8_EMRA:ENSG00000243716
16,28994574,-0.18506278,0.10196338,T_CD8_EMRA:ENSG00000260853
16,31152210,0.04040603,0.022899667,T_CD8_EMRA:ENSG00000260911
1,13667423,-0.13215058,0.07454496,T_CD8_EMRA:ENSG00000116731
1,151976094,-0.14793445,0.024726147,T_CD8_EMRA:ENSG00000197747
1,206502269,-0.24614201,0.3371176,T_CD8_EMRA:ENSG00000261000
22,50543225,0.08608008,0.033011768,T_CD8_EMRA:ENSG00000025708
22,37641931,0.2780926,0.075726554,T_CD8_EMRA:ENSG00000100092
22,38592110,0.07240461,0.02019058,T_CD8_EMRA:ENSG00000100221
22,21599416,-0.23053326,0.27785122,T_CD8_EMRA:ENSG00000161179
22,41388558,-0.14049096,0.02528187,T_CD8_EMRA:ENSG00000167074
22,50153596,0.15393193,0.14597227,T_CD8_EMRA:ENSG00000182858
22,25071439,0.21734096,0.032296196,T_CD8_EMRA:ENSG00000197077
22,50584979,0.15070184,0.050315,T_CD8_EMRA:ENSG00000205560
22,38611169,-0.09639321,0.023326458,T_CD8_EMRA:ENSG00000273076
3,100478708,-0.002628217,0.060284615,T_CD8_EMRA:ENSG00000036054
3,157143671,0.13436098,0.016679553,T_CD8_EMRA:ENSG00000163660
3,134157470,-0.22343291,0.09764768,T_CD8_EMRA:ENSG00000163785
3,52533279,-0.18695667,0.07768533,T_CD8_EMRA:ENSG00000168268
3,156552915,0.18768203,0.03337614,T_CD8_EMRA:ENSG00000169282
3,24828830,-0.08460495,0.05867661,T_CD8_EMRA:ENSG00000174748
3,142281368,0.07073645,0.019997492,T_CD8_EMRA:ENSG00000175054
3,85597700,0.12689057,0.02332723,T_CD8_EMRA:ENSG00000175161
3,123909891,0.15343738,0.15711716,T_CD8_EMRA:ENSG00000175455
3,121637521,0.15713419,0.023768835,T_CD8_EMRA:ENSG00000180353
3,114334749,0.17948386,0.051478438,T_CD8_EMRA:ENSG00000181847
3,197409962,0.17788014,0.080722734,T_CD8_EMRA:ENSG00000182899
19,3054532,-0.09597428,0.015780456,T_CD8_EMRA:ENSG00000104964
19,35694043,-0.15461646,0.17288736,T_CD8_EMRA:ENSG00000105711
19,52420955,0.13459226,0.03279517,T_CD8_EMRA:ENSG00000167555
19,54206715,0.05049778,0.12131791,T_CD8_EMRA:ENSG00000170889
19,36520484,-0.05193065,0.025767813,T_CD8_EMRA:ENSG00000267254
14,24647684,-0.15174519,0.011191719,T_CD8_EMRA:ENSG00000100453
14,24262416,-0.04436911,0.05264968,T_CD8_EMRA:ENSG00000157379
14,20823684,0.049447726,0.101846255,T_CD8_EMRA:ENSG00000169385
14,22552912,0.06891277,0.01730378,T_CD8_EMRA:ENSG00000277734
14,50529651,-0.008653493,0.010647431,T_CD8_EMRA:ENSG00000282885
4,2837711,0.04667339,0.02151569,T_CD8_EMRA:ENSG00000087266
4,189367344,-0.07080721,0.11750808,T_CD8_EMRA:ENSG00000109536
4,8230483,1.1303157,0.2743164,T_CD8_EMRA:ENSG00000125089
4,3362862,-0.17428318,0.05964151,T_CD8_EMRA:ENSG00000159788
4,57164141,0.114116736,0.021121709,T_CD8_EMRA:ENSG00000163453
4,7767343,-0.037704214,0.022194684,T_CD8_EMRA:ENSG00000196526
4,87244,-0.5212438,0.16844162,T_CD8_EMRA:ENSG00000250312
7,93006726,0.09843489,0.120312795,T_CD8_EMRA:ENSG00000001631
7,5722754,-0.14074975,0.04858283,T_CD8_EMRA:ENSG00000011275
7,128883245,-0.0024639124,0.03247715,T_CD8_EMRA:ENSG00000128596
7,75984978,-0.079826206,0.021097887,T_CD8_EMRA:ENSG00000146701
7,37586490,-0.07965338,0.20064977,T_CD8_EMRA:ENSG00000187037
7,30643553,-0.12871474,0.033863224,T_CD8_EMRA:ENSG00000196295
7,65624467,-0.03983546,0.02214156,T_CD8_EMRA:ENSG00000196715
7,121387836,0.39972273,0.108913265,T_CD8_EMRA:ENSG00000196937
7,146394,-0.30637813,0.068379685,T_CD8_EMRA:ENSG00000240859
7,66962493,0.124485224,0.03567458,T_CD8_EMRA:ENSG00000241258
7,4853073,0.004063113,0.023714606,T_CD8_EMRA:ENSG00000242802
18,35559845,-0.09673075,0.022895373,T_CD8_EMRA:ENSG00000141429
18,23573978,0.31061998,0.09218154,T_CD8_EMRA:ENSG00000141458
18,46070522,0.09659556,0.02175292,T_CD8_EMRA:ENSG00000152240
18,46952076,-0.011643391,0.17711583,T_CD8_EMRA:ENSG00000152240
18,49815174,0.15951608,0.020855198,T_CD8_EMRA:ENSG00000167315
18,7952118,-0.31842366,0.104911774,T_CD8_EMRA:ENSG00000173482
18,62252521,-0.18212171,0.043864146,T_CD8_EMRA:ENSG00000197563
2,85423160,-0.15132535,0.037267704,T_CD8_EMRA:ENSG00000042493
2,201310933,-0.2955913,0.051036928,T_CD8_EMRA:ENSG00000064012
2,8300216,-0.14746034,0.015431654,T_CD8_EMRA:ENSG00000115738
2,9357370,-0.24969324,0.059001066,T_CD8_EMRA:ENSG00000119185
2,108600135,-0.024019554,0.07244037,T_CD8_EMRA:ENSG00000169756
2,219130505,0.053982563,0.26874378,T_CD8_EMRA:ENSG00000187736
2,159250676,0.3548387,0.07157105,T_CD8_EMRA:ENSG00000196151
2,216498034,-0.45384684,0.07017964,T_CD8_EMRA:ENSG00000197756
2,24178936,0.079745576,0.022678567,T_CD8_EMRA:ENSG00000219626
2,190613120,0.09690102,0.029389156,T_CD8_EMRA:ENSG00000284052
20,2633815,0.0825142,0.03707067,T_CD8_EMRA:ENSG00000101361
20,17700164,-0.056120075,0.020475484,T_CD8_EMRA:ENSG00000125844
20,5957561,-0.048137248,0.028410738,T_CD8_EMRA:ENSG00000125885
20,35280684,-0.5986305,0.1671439,T_CD8_EMRA:ENSG00000126005
20,32718729,0.18837273,0.028244343,T_CD8_EMRA:ENSG00000149600
20,33245556,0.30546993,0.15061384,T_CD8_EMRA:ENSG00000171456
20,63782688,0.015906224,0.16392764,T_CD8_EMRA:ENSG00000171700
20,60054467,0.32684216,0.1954199,T_CD8_EMRA:ENSG00000176659
20,44232263,0.10951299,0.044658706,T_CD8_EMRA:ENSG00000223891
20,60054720,-0.24134566,0.19813804,T_CD8_EMRA:ENSG00000228340
21,45952696,-0.038703397,0.022865005,T_CD8_EMRA:ENSG00000142156
21,36868670,-0.060136113,0.028560467,T_CD8_EMRA:ENSG00000142197
21,44771532,-0.047989644,0.037383974,T_CD8_EMRA:ENSG00000232124
21,28932799,-0.22344108,0.055283986,T_CD8_EMRA:ENSG00000232855
13,24512837,-0.08613128,0.029312916,T_CD8_EMRA:ENSG00000102699
13,41036005,0.2682026,0.17311381,T_CD8_EMRA:ENSG00000120690
13,99315116,-0.323508,0.10751652,T_CD8_EMRA:ENSG00000134882
13,53028404,-0.25674936,0.2605724,T_CD8_EMRA:ENSG00000136114
13,49612643,0.11847542,0.027877366,T_CD8_EMRA:ENSG00000136144
13,48123706,-0.038604032,0.027887788,T_CD8_EMRA:ENSG00000136159
13,46813739,0.14373322,0.02027163,T_CD8_EMRA:ENSG00000139684
13,20995206,0.12703897,0.06806735,T_CD8_EMRA:ENSG00000233851
15,77850307,0.055325862,0.032004435,T_CD8_EMRA:ENSG00000140386
15,82724966,0.116062336,0.041765332,T_CD8_EMRA:ENSG00000156232
15,49411482,-0.10619444,0.024468487,T_CD8_EMRA:ENSG00000156958
15,63174027,-0.114755705,0.027793095,T_CD8_EMRA:ENSG00000166128
15,64432652,-0.47224417,0.09358297,T_CD8_EMRA:ENSG00000166794
15,79911868,0.32906306,0.13714455,T_CD8_EMRA:ENSG00000180953
15,42544360,0.069315635,0.039212473,T_CD8_EMRA:ENSG00000180979
5,75873308,-8.9155175e-05,0.030666636,T_CD8_EM:ENSG00000122008
5,80982701,-0.010810201,0.02168505,T_CD8_EM:ENSG00000152348
5,1485467,0.23390976,0.15895173,T_CD8_EM:ENSG00000153395
5,53053831,-0.1225434,0.038346197,T_CD8_EM:ENSG00000164172
5,42734481,-0.24085106,0.10934179,T_CD8_EM:ENSG00000198865
14,61796111,0.5384696,0.12855302,T_CD8_EM:ENSG00000023608
14,24450644,0.28629386,0.067354105,T_CD8_EM:ENSG00000100445
14,31026140,-0.14449799,0.033953927,T_CD8_EM:ENSG00000100478
14,60165528,0.12640919,0.02844321,T_CD8_EM:ENSG00000100612
14,80941821,0.123074114,0.024912098,T_CD8_EM:ENSG00000100629
14,73401861,-0.23456673,0.15217173,T_CD8_EM:ENSG00000119673
14,88559065,-0.15074375,0.15804543,T_CD8_EM:ENSG00000165521
14,24025243,-0.09957533,0.03510688,T_CD8_EM:ENSG00000187630
3,49520424,0.13436274,0.042077117,T_CD8_EM:ENSG00000068745
3,119685211,-0.12458022,0.020022564,T_CD8_EM:ENSG00000138495
3,134192176,-0.1406229,0.063547604,T_CD8_EM:ENSG00000163785
3,14144662,-0.13483396,0.059397586,T_CD8_EM:ENSG00000170876
3,45895453,-0.1549039,0.02962926,T_CD8_EM:ENSG00000172215
3,121687099,-0.096379384,0.0319588,T_CD8_EM:ENSG00000180353
3,150744113,0.06379727,0.06067331,T_CD8_EM:ENSG00000181788
3,20533845,-0.02234396,0.024251519,T_CD8_EM:ENSG00000183977
20,62449620,0.0019040686,0.006911438,T_CD8_EM:ENSG00000171858
20,2206784,0.26563528,0.08545012,T_CD8_EM:ENSG00000226644
17,48935189,-0.08343303,0.02168859,T_CD8_EM:ENSG00000159210
17,7979110,0.07428585,0.023265427,T_CD8_EM:ENSG00000183011
17,19252535,0.24227743,0.08672314,T_CD8_EM:ENSG00000262202
17,82888640,0.05016409,0.025188599,T_CD8_EM:ENSG00000262663
13,74108755,0.09522466,0.024559023,T_CD8_EM:ENSG00000118922
13,40869886,-0.09149602,0.19931038,T_CD8_EM:ENSG00000120690
13,100588317,-0.66834056,0.14088629,T_CD8_EM:ENSG00000134864
13,25285039,-0.16452567,0.039485548,T_CD8_EM:ENSG00000139505
13,34942227,0.29651767,0.13386069,T_CD8_EM:ENSG00000172915
13,114230747,0.14599289,0.035388462,T_CD8_EM:ENSG00000185989
13,19821893,-0.2114641,0.035482116,T_CD8_EM:ENSG00000196199
13,50885152,-0.27208748,0.19579792,T_CD8_EM:ENSG00000233672
13,40911532,-0.13387102,0.023051,T_CD8_EM:ENSG00000287837
21,42795499,0.022367405,0.041388035,T_CD8_EM:ENSG00000160201
21,46518326,0.11460128,0.020760514,T_CD8_EM:ENSG00000160299
21,46518996,-0.21959902,0.11737858,T_CD8_EM:ENSG00000160305
21,34147778,0.12424545,0.19645514,T_CD8_EM:ENSG00000243927
8,142251423,-0.01591071,0.052006714,T_CD8_EM:ENSG00000171045
8,51114968,-0.30310133,0.1613186,T_CD8_EM:ENSG00000228801
8,116901679,0.08477276,0.051646527,T_CD8_EM:ENSG00000287826
12,10733118,0.013851783,0.059441008,T_CD8_EM:ENSG00000060138
12,121118348,0.2113074,0.04923394,T_CD8_EM:ENSG00000089041
12,68010853,0.017709725,0.04574443,T_CD8_EM:ENSG00000111537
12,447654,-0.30457896,0.13723822,T_CD8_EM:ENSG00000120647
12,102145521,0.0844638,0.30190006,T_CD8_EM:ENSG00000120860
12,47971401,-0.05069444,0.03495989,T_CD8_EM:ENSG00000134291
12,123100812,0.11063286,0.20468353,T_CD8_EM:ENSG00000139697
12,10408225,0.08459013,0.18444683,T_CD8_EM:ENSG00000213809
18,2639385,0.10314756,0.019470511,T_CD8_EM:ENSG00000101596
18,32104322,0.19750567,0.048857924,T_CD8_EM:ENSG00000101695
18,26139572,0.10577685,0.03842563,T_CD8_EM:ENSG00000141384
18,79330660,-0.081269905,0.023292953,T_CD8_EM:ENSG00000166377
18,49750712,0.131486,0.027120953,T_CD8_EM:ENSG00000167315
18,7415262,-0.36835855,0.07685207,T_CD8_EM:ENSG00000173482
16,56932642,0.11004393,0.027998224,T_CD8_EM:ENSG00000051108
16,66589816,-0.22703137,0.06665773,T_CD8_EM:ENSG00000166548
16,87698684,0.04970814,0.12266826,T_CD8_EM:ENSG00000172530
16,70590580,0.12441021,0.024339773,T_CD8_EM:ENSG00000247228
16,28985949,0.024396569,0.11163988,T_CD8_EM:ENSG00000260853
16,3179428,-0.07774967,0.02391251,T_CD8_EM:ENSG00000261889
11,86727073,-0.0470131,0.022596432,T_CD8_EM:ENSG00000074266
11,64850601,-0.087858126,0.022208916,T_CD8_EM:ENSG00000110047
11,9676919,-0.14020671,0.063251264,T_CD8_EM:ENSG00000133789
2,133720105,-0.019123219,0.02925802,T_CD8_EM:ENSG00000152127
2,179042149,-0.76738226,0.25189295,T_CD8_EM:ENSG00000163492
2,112275894,-0.4304844,0.15438621,T_CD8_EM:ENSG00000188177
2,216495994,-0.35167295,0.035823703,T_CD8_EM:ENSG00000197756
2,103240616,0.061002113,0.114910066,T_CD8_EM:ENSG00000234389
2,99088084,-0.18730901,0.24983478,T_CD8_EM:ENSG00000273045
15,29006743,-0.2924784,0.02918624,T_CD8_EM:ENSG00000034053
15,57568140,-0.013246846,0.107295714,T_CD8_EM:ENSG00000140262
15,77419377,0.061456926,0.023362191,T_CD8_EM:ENSG00000140382
10,14506347,-0.18553357,0.054196376,T_CD8_EM:ENSG00000065809
10,80400669,0.038681142,0.018868754,T_CD8_EM:ENSG00000108219
10,88891052,-0.21911764,0.14135069,T_CD8_EM:ENSG00000138134
10,62207527,0.017898666,0.028916594,T_CD8_EM:ENSG00000148572
10,33012770,0.03499445,0.02144732,T_CD8_EM:ENSG00000150093
10,23507426,0.2688852,0.10549578,T_CD8_EM:ENSG00000165312
10,103027262,0.023741562,0.013345543,T_CD8_EM:ENSG00000173915
10,29677122,0.014312935,0.29478848,T_CD8_EM:ENSG00000197321
10,49236330,0.18409298,0.030376863,T_CD8_EM:ENSG00000204161
6,10708842,-0.39695483,0.11333866,T_CD8_EM:ENSG00000111843
6,36961785,0.10925311,0.092842534,T_CD8_EM:ENSG00000137409
6,26127206,0.21742333,0.09689357,T_CD8_EM:ENSG00000180573
6,27824454,-0.34365487,0.10186627,T_CD8_EM:ENSG00000197238
6,146034469,0.1118268,0.021695027,T_CD8_EM:ENSG00000270638
9,121394770,0.08096069,0.018752918,T_CD8_EM:ENSG00000148175
9,20896900,0.16453765,0.061076954,T_CD8_EM:ENSG00000188921
7,26258229,0.0663137,0.088017076,T_CD8_EM:ENSG00000086300
7,76284862,0.42828947,0.19377181,T_CD8_EM:ENSG00000106211
7,99387256,-0.3042563,0.068328194,T_CD8_EM:ENSG00000106245
7,77217776,0.1364331,0.055845276,T_CD8_EM:ENSG00000135205
7,66624178,0.062851235,0.02482853,T_CD8_EM:ENSG00000196715
7,32679866,-0.14388444,0.02471908,T_CD8_EM:ENSG00000281332
4,152364033,0.28596404,0.10118538,T_CD8_EM:ENSG00000109670
4,186446056,-0.01164379,0.054936964,T_CD8_EM:ENSG00000154553
4,173320542,-0.078975484,0.04964322,T_CD8_EM:ENSG00000164104
4,121702863,-0.079495564,0.3163402,T_CD8_EM:ENSG00000164111
19,2260362,-0.19448805,0.037771877,T_CD8_EM:ENSG00000104904
19,55386449,0.31187028,0.057421014,T_CD8_EM:ENSG00000108107
19,52422286,-0.11846945,0.040854704,T_CD8_EM:ENSG00000167555
19,54204562,0.24263899,0.012077451,T_CD8_EM:ENSG00000170889
19,38519671,0.17563297,0.038258184,T_CD8_EM:ENSG00000196218
19,19935987,0.21969317,0.05216884,T_CD8_EM:ENSG00000256771
19,58323889,0.022915078,0.03968192,T_CD8_EM:ENSG00000283103
22,41370718,0.16602917,0.33643126,T_CD8_EM:ENSG00000234965
22,29500912,-0.15064733,0.08392209,T_CD8_EM:ENSG00000273428
22,50542624,-0.117164806,0.04341374,T_CD8_EM:ENSG00000284194
1,160741687,-0.112060376,0.028673725,T_CD8_EM:ENSG00000026751
1,160602168,0.0023172665,0.07364016,T_CD8_EM:ENSG00000066294
1,20972870,0.10443778,0.020425458,T_CD8_EM:ENSG00000075151
1,91502721,0.253712,0.08765966,T_CD8_EM:ENSG00000097046
1,1547896,0.27478376,0.29804236,T_CD8_EM:ENSG00000160075
1,48756296,-0.21184766,0.05458814,T_CD8_EM:ENSG00000162373
1,183970792,-0.55456066,0.37530935,T_CD8_EM:ENSG00000198756
1,232971635,-0.009912766,0.069591746,T_CD8_EM:ENSG00000212916
7,1847887,0.16523498,0.07728132,T_CD4_CTL:ENSG00000002822
7,129628306,0.12402266,0.44991952,T_CD4_CTL:ENSG00000128607
7,150641108,0.24736314,0.039701946,T_CD4_CTL:ENSG00000179144
14,99029590,-0.130255,0.08293431,T_CD4_CTL:ENSG00000127152
14,55781737,-0.019235874,0.058561143,T_CD4_CTL:ENSG00000168175
14,64932588,0.23663121,0.037871916,T_CD4_CTL:ENSG00000258289
5,52750254,0.37904003,0.10173359,T_CD4_CTL:ENSG00000152684
20,25431056,0.107474595,0.08292927,T_CD4_CTL:ENSG00000100994
17,43451138,0.17080349,0.2059551,T_CD4_CTL:ENSG00000108830
17,47842503,-0.277862,0.048440006,T_CD4_CTL:ENSG00000141295
17,35314419,0.35010093,0.075550355,T_CD4_CTL:ENSG00000267364
17,36465388,0.64724106,0.09383696,T_CD4_CTL:ENSG00000276085
2,216004172,0.42947248,0.10853712,T_CD4_CTL:ENSG00000118242
2,127450028,-0.27996683,0.55433935,T_CD4_CTL:ENSG00000169967
19,54502771,-0.08475638,0.09150871,T_CD4_CTL:ENSG00000167618
16,71247243,0.38401183,0.12870358,T_CD4_CTL:ENSG00000157423
16,71259238,0.29375198,0.12701595,T_CD4_CTL:ENSG00000180917
12,6873358,-1.1636932,0.6054547,T_CD4_CTL:ENSG00000111671
12,38844696,1.547874,0.5494341,T_CD4_CTL:ENSG00000139117
12,75499619,-0.10224014,0.06198942,T_CD4_CTL:ENSG00000139278
12,9048103,0.26386687,0.22347267,T_CD4_CTL:ENSG00000175899
12,47208432,0.18177785,0.19771814,T_CD4_CTL:ENSG00000247774
10,58296354,-0.24810335,0.12071887,T_CD4_CTL:ENSG00000122873
10,124767117,0.042845607,0.07063655,T_CD4_CTL:ENSG00000189319
21,36066591,0.7243843,0.12824415,T_CD4_CTL:ENSG00000159228
1,156133412,-0.013534722,0.0736988,T_CD4_CTL:ENSG00000116539
1,228770012,0.020382237,0.45752496,T_CD4_CTL:ENSG00000116574
1,185429851,-0.7517661,0.5390002,T_CD4_CTL:ENSG00000116679
1,109667284,-0.52360094,0.17812291,T_CD4_CTL:ENSG00000213366
1,35007897,-0.08327908,0.07242251,T_CD4_CTL:ENSG00000243749
11,61503159,0.040310767,0.09356639,T_CD4_CTL:ENSG00000149532
11,118567095,0.4013689,0.31514007,T_CD4_CTL:ENSG00000186174
11,45777960,-0.111479715,0.07906173,T_CD4_CTL:ENSG00000205106
8,1850990,-0.41939476,0.35429454,T_CD4_CTL:ENSG00000104728
8,142716247,-0.18952613,0.117332675,T_CD4_CTL:ENSG00000130193
6,26194737,0.15393344,0.039799787,T_CD4_CTL:ENSG00000277157
9,33126572,0.29151505,0.13918574,T_CD4_CTL:ENSG00000086062
22,41557289,0.16700463,0.19290388,T_CD4_CTL:ENSG00000100413
13,26431763,-0.26687303,0.15159377,T_CD4_CTL:ENSG00000132964
13,114249439,0.3202795,0.10047636,T_CD4_CTL:ENSG00000169062
13,100561975,0.72724277,0.21105656,T_CD4_CTL:ENSG00000224356
13,114264525,0.25646222,0.115148194,T_CD4_CTL:ENSG00000260910
6,44424777,-0.032611955,0.029103218,NK_CD16:ENSG00000096401
6,26923964,-0.011496763,0.22813067,NK_CD16:ENSG00000111801
6,131507779,-0.014012235,0.020912927,NK_CD16:ENSG00000112282
6,132673764,-0.39767787,0.07590218,NK_CD16:ENSG00000112303
6,109409343,0.2433848,0.06025331,NK_CD16:ENSG00000112365
6,72579076,-0.109923504,0.13278036,NK_CD16:ENSG00000156508
6,41793723,-0.03425314,0.06269956,NK_CD16:ENSG00000214736
6,168980187,-0.0076881014,0.0375239,NK_CD16:ENSG00000234519
6,28018052,0.11840577,0.035528973,NK_CD16:ENSG00000272009
6,26211949,-0.06329727,0.01751702,NK_CD16:ENSG00000277224
6,89125251,0.26833725,0.330697,NK_CD16:ENSG00000288009
22,20861482,0.40028083,0.26244068,NK_CD16:ENSG00000099940
22,29567397,0.5055569,0.2505713,NK_CD16:ENSG00000100003
22,19247840,-0.23028895,0.34262273,NK_CD16:ENSG00000100075
22,37612737,0.6249421,0.06934125,NK_CD16:ENSG00000100092
22,37675413,-0.6639922,0.05889381,NK_CD16:ENSG00000100097
22,39206033,0.12544754,0.02165968,NK_CD16:ENSG00000100311
22,41539281,-0.11053419,0.026294148,NK_CD16:ENSG00000100418
22,50315773,0.13173151,0.101954736,NK_CD16:ENSG00000128165
22,41796478,-0.062006474,0.025397766,NK_CD16:ENSG00000183864
22,19368984,0.02395375,0.15697312,NK_CD16:ENSG00000185608
22,31530757,0.110758826,0.056177173,NK_CD16:ENSG00000198089
14,102046944,-0.17347048,0.044570893,NK_CD16:ENSG00000080824
14,23940821,-0.1802814,0.049845673,NK_CD16:ENSG00000157326
14,88549249,0.43333572,0.15421154,NK_CD16:ENSG00000165521
14,105505364,-0.11966003,0.017722044,NK_CD16:ENSG00000213145
14,64912263,0.35404927,0.032784246,NK_CD16:ENSG00000258289
14,89571191,-0.43867153,0.12822488,NK_CD16:ENSG00000259073
17,4979750,-0.15746729,0.073149346,NK_CD16:ENSG00000108509
17,48794984,0.10272899,0.021643575,NK_CD16:ENSG00000159210
17,78198788,-0.05409838,0.10222796,NK_CD16:ENSG00000167895
17,80282246,0.14661121,0.01383532,NK_CD16:ENSG00000173821
17,28563932,-0.10089759,0.12986624,NK_CD16:ENSG00000265845
19,49826185,0.27657568,0.060620517,NK_CD16:ENSG00000039650
19,2255312,-0.047906812,0.04297783,NK_CD16:ENSG00000104904
19,18501948,0.068739735,0.021675326,NK_CD16:ENSG00000105655
19,35870188,0.410976,0.058466405,NK_CD16:ENSG00000126243
19,54875402,-0.56449014,0.055669807,NK_CD16:ENSG00000240403
20,35554741,0.057150453,0.040213,NK_CD16:ENSG00000101000
20,25392255,-0.0657762,0.019570107,NK_CD16:ENSG00000101004
20,23634475,0.16622216,0.07350992,NK_CD16:ENSG00000101439
20,48681705,0.15759946,0.018062409,NK_CD16:ENSG00000124126
20,35526771,0.08061936,0.029253203,NK_CD16:ENSG00000125991
20,60055635,0.56115687,0.18083392,NK_CD16:ENSG00000176659
20,32772981,-0.024867637,0.025843771,NK_CD16:ENSG00000198547
20,32744985,-0.077711165,0.027045261,NK_CD16:ENSG00000260257
12,19225375,-0.73089886,0.26895827,NK_CD16:ENSG00000052126
12,278298,0.1973752,0.119250596,NK_CD16:ENSG00000073614
12,112099934,-0.13149859,0.038347576,NK_CD16:ENSG00000089022
12,121343389,0.30728528,0.14541219,NK_CD16:ENSG00000110931
12,6924429,0.8731518,0.20099042,NK_CD16:ENSG00000111678
12,93530239,0.11656632,0.23222254,NK_CD16:ENSG00000120833
12,102285874,-0.3531813,0.03466572,NK_CD16:ENSG00000120860
12,25325595,-0.27715287,0.043595105,NK_CD16:ENSG00000133703
12,38874204,0.42568704,0.11116493,NK_CD16:ENSG00000139117
12,128738844,-0.6476785,0.0950394,NK_CD16:ENSG00000139370
12,49336352,-0.18080111,0.07782929,NK_CD16:ENSG00000139644
12,103847758,0.0030243117,0.02806495,NK_CD16:ENSG00000171310
12,2877437,-0.1677119,0.16551836,NK_CD16:ENSG00000171792
12,57940059,0.043014575,0.053552896,NK_CD16:ENSG00000175197
12,31804760,-0.38353592,0.2071779,NK_CD16:ENSG00000188375
12,89441951,0.5791455,0.25846687,NK_CD16:ENSG00000270344
12,69381338,-0.11473514,0.052180942,NK_CD16:ENSG00000274979
21,41426334,-0.047560196,0.11744509,NK_CD16:ENSG00000157601
21,33902431,-0.13397683,0.01844097,NK_CD16:ENSG00000241837
21,34208067,0.19547601,0.15136796,NK_CD16:ENSG00000243927
1,108928847,-0.030466953,0.05157493,NK_CD16:ENSG00000121957
1,109735327,0.31712994,0.100100085,NK_CD16:ENSG00000134202
1,26220232,0.06200538,0.018159296,NK_CD16:ENSG00000142669
1,204410324,0.062214326,0.055236388,NK_CD16:ENSG00000158615
1,245035798,-0.047332212,0.2856563,NK_CD16:ENSG00000203666
1,168281906,0.18345578,0.05538912,NK_CD16:ENSG00000213064
1,168340257,-0.012836045,0.052831214,NK_CD16:ENSG00000213064
1,119176476,0.23179148,0.20060855,NK_CD16:ENSG00000231365
8,26579774,-0.17388406,0.03613007,NK_CD16:ENSG00000092964
8,42995996,0.1812605,0.040565427,NK_CD16:ENSG00000168522
8,21056782,-0.26172772,0.02764945,NK_CD16:ENSG00000254092
8,96642897,-0.07116237,0.03271574,NK_CD16:ENSG00000270077
8,2140331,-0.7604148,0.050850514,NK_CD16:ENSG00000287970
5,39308949,0.12459869,0.014459959,NK_CD16:ENSG00000082074
5,79311236,-0.12260617,0.019627513,NK_CD16:ENSG00000132837
5,157107151,0.37529552,0.034154937,NK_CD16:ENSG00000135077
5,116094060,0.18415332,0.030569855,NK_CD16:ENSG00000145781
5,146744488,0.6207879,0.17487039,NK_CD16:ENSG00000156475
5,79628017,0.20152329,0.037444774,NK_CD16:ENSG00000164309
5,154282469,0.07384177,0.020206999,NK_CD16:ENSG00000164574
5,160425647,0.34846148,0.14596184,NK_CD16:ENSG00000164611
5,41584450,0.024339873,0.038916238,NK_CD16:ENSG00000205765
5,132311782,0.45206395,0.06378473,NK_CD16:ENSG00000233006
5,25764220,-0.005840703,0.025410682,NK_CD16:ENSG00000251273
2,127081858,1.6800085,0.22123392,NK_CD16:ENSG00000136717
2,179042149,0.13499391,0.2635719,NK_CD16:ENSG00000163492
2,238169403,0.30577764,0.112586185,NK_CD16:ENSG00000178752
2,206704,0.19814213,0.03085971,NK_CD16:ENSG00000184731
2,237497723,0.008158187,0.037953228,NK_CD16:ENSG00000225057
2,74429595,-0.044047624,0.27873555,NK_CD16:ENSG00000286623
15,64172595,0.12133084,0.040399976,NK_CD16:ENSG00000028528
15,90940162,0.069072105,0.022085432,NK_CD16:ENSG00000140553
15,64144390,0.07728214,0.026444394,NK_CD16:ENSG00000166794
15,64083017,-0.080543645,0.022951841,NK_CD16:ENSG00000166797
15,84628952,0.09672637,0.022196518,NK_CD16:ENSG00000177082
15,31223009,-0.12754479,0.038305603,NK_CD16:ENSG00000259448
15,74012108,-0.09528882,0.065274745,NK_CD16:ENSG00000261801
4,102579631,0.12456134,0.020277103,NK_CD16:ENSG00000109320
4,2942791,0.32517415,0.076264456,NK_CD16:ENSG00000109736
4,140421283,-0.1921266,0.05650596,NK_CD16:ENSG00000153130
4,152701348,-0.5426283,0.07892986,NK_CD16:ENSG00000170006
4,118491922,-0.022519672,0.022625195,NK_CD16:ENSG00000250950
13,24465983,-0.13238396,0.018821232,NK_CD16:ENSG00000102699
13,74115959,-0.17718865,0.02435726,NK_CD16:ENSG00000118922
13,75536337,0.017927555,0.1057464,NK_CD16:ENSG00000118939
13,24149558,0.0018911455,0.10153845,NK_CD16:ENSG00000151835
13,110680712,-0.10922946,0.13811472,NK_CD16:ENSG00000153487
13,52401361,0.30835012,0.048401088,NK_CD16:ENSG00000165416
13,19665701,-0.22448865,0.031041106,NK_CD16:ENSG00000196199
13,20999362,-0.20943178,0.066560656,NK_CD16:ENSG00000233851
13,52661291,0.16712588,0.04040194,NK_CD16:ENSG00000278238
9,26957913,0.1393933,0.04773087,NK_CD16:ENSG00000096872
9,34651621,-0.08152535,0.23659009,NK_CD16:ENSG00000147955
9,136620848,0.030804206,0.07501355,NK_CD16:ENSG00000148400
9,20851232,0.49897698,0.3064883,NK_CD16:ENSG00000188921
9,3562001,0.2611867,0.3329185,NK_CD16:ENSG00000237359
9,37121788,0.10244412,0.07866829,NK_CD16:ENSG00000281649
18,3258153,0.25412428,0.016789025,NK_CD16:ENSG00000118680
18,23573978,0.59902006,0.085300036,NK_CD16:ENSG00000141458
18,49819559,-0.2785011,0.04128082,NK_CD16:ENSG00000167315
18,7415262,-0.25709635,0.0729509,NK_CD16:ENSG00000173482
7,1953724,0.3314292,0.04889935,NK_CD16:ENSG00000002822
7,44783925,-0.034479182,0.032325227,NK_CD16:ENSG00000105953
7,66916911,0.08414767,0.02759245,NK_CD16:ENSG00000106609
7,158913959,-0.17547877,0.021017678,NK_CD16:ENSG00000126870
7,116035304,0.20542218,0.019754913,NK_CD16:ENSG00000135269
7,155168255,-0.005237679,0.021646434,NK_CD16:ENSG00000157212
7,102745157,0.09028729,0.02642293,NK_CD16:ENSG00000161036
7,93128873,-0.12535733,0.03496888,NK_CD16:ENSG00000177409
11,65714381,-0.033408552,0.19903588,NK_CD16:ENSG00000014216
11,76114963,-0.056907255,0.020870361,NK_CD16:ENSG00000078124
11,76974776,-0.13822936,0.024465298,NK_CD16:ENSG00000078124
11,47419207,-0.077888474,0.019635875,NK_CD16:ENSG00000109920
11,86498068,0.14954059,0.042327154,NK_CD16:ENSG00000150687
10,62414367,-0.21381037,0.021412734,NK_CD16:ENSG00000138311
10,62183533,-0.4040644,0.06506008,NK_CD16:ENSG00000150347
10,60734058,-0.15061574,0.25924954,NK_CD16:ENSG00000151150
10,119168929,-0.466815,0.11777735,NK_CD16:ENSG00000165672
10,102781743,-0.008475992,0.020327417,NK_CD16:ENSG00000166272
10,131981887,-0.13446736,0.036677923,NK_CD16:ENSG00000176171
10,49178453,0.035438288,0.043107815,NK_CD16:ENSG00000204161
10,102476724,0.05593307,0.022037081,NK_CD16:ENSG00000214435
10,14910778,0.061753083,0.039751872,NK_CD16:ENSG00000272853
10,87402003,0.08818325,0.32469094,NK_CD16:ENSG00000287077
16,82122752,-0.06603733,0.028601987,NK_CD16:ENSG00000135698
16,30826807,-0.05757215,0.022399867,NK_CD16:ENSG00000156873
16,89814436,-0.032068476,0.053235583,NK_CD16:ENSG00000185324
16,28993042,0.31195477,0.099395,NK_CD16:ENSG00000260853
16,10343382,0.0038632187,0.055138577,NK_CD16:ENSG00000274038
3,50361458,0.42534837,0.24862997,NK_CD16:ENSG00000068028
3,36987617,0.099591605,0.025596656,NK_CD16:ENSG00000076242
3,61540385,0.21463509,0.16174836,NK_CD16:ENSG00000144724
3,46314557,0.057288915,0.04106052,NK_CD16:ENSG00000160791
3,134201899,0.25967905,0.09360463,NK_CD16:ENSG00000163785
3,198006358,0.06529888,0.015069815,NK_CD16:ENSG00000182899
9,128597110,-0.04077151,0.046195827,B_memory_IGHMhigh:ENSG00000175283
4,168255227,0.05499809,0.26577333,B_memory_IGHMhigh:ENSG00000129116
14,77932173,0.10004476,0.10287382,B_memory_IGHMhigh:ENSG00000063761
14,105549392,0.4716991,0.29639617,B_memory_IGHMhigh:ENSG00000211897
10,78004035,-0.1493615,0.03288728,B_memory_IGHMhigh:ENSG00000138326
10,49189636,-0.027037842,0.31900206,B_memory_IGHMhigh:ENSG00000204161
22,43955471,-0.20191984,0.04587307,B_memory_IGHMhigh:ENSG00000100347
22,22907918,0.7242208,0.110189244,B_memory_IGHMhigh:ENSG00000211675
8,37079015,-0.059027452,0.048828095,B_memory_IGHMhigh:ENSG00000187840
7,74230457,-0.13213508,0.2599755,B_memory_IGHMhigh:ENSG00000086730
7,141100890,0.07324807,0.058757227,B_memory_IGHMhigh:ENSG00000090266
7,99308849,-0.18263651,0.083143204,B_memory_IGHMhigh:ENSG00000130429
7,6718916,-0.24704203,0.05225167,B_memory_IGHMhigh:ENSG00000146574
7,77314810,-0.21708922,0.054454032,B_memory_IGHMhigh:ENSG00000186088
7,102747020,-0.29989582,0.044498935,B_memory_IGHMhigh:ENSG00000267368
19,41850876,-0.08137736,0.00947684,B_memory_IGHMhigh:ENSG00000105372
19,52460173,0.28132203,0.07942819,B_memory_IGHMhigh:ENSG00000288253
1,232944691,0.03259118,0.049551994,B_memory_IGHMhigh:ENSG00000135778
1,230277090,0.084722735,0.2733438,B_memory_IGHMhigh:ENSG00000143641
1,183635770,-0.122738115,0.07823738,B_memory_IGHMhigh:ENSG00000162704
1,169962857,-0.41367248,0.29335943,B_memory_IGHMhigh:ENSG00000171806
12,47970929,-0.33253774,0.42853877,B_memory_IGHMhigh:ENSG00000134291
12,66137823,-0.23642069,0.569215,B_memory_IGHMhigh:ENSG00000155957
12,50924640,-0.22837025,0.13096458,B_memory_IGHMhigh:ENSG00000185432
12,9943487,0.3960147,0.05969478,B_memory_IGHMhigh:ENSG00000225231
12,11179375,0.054462552,0.030937087,B_memory_IGHMhigh:ENSG00000231887
2,108696272,0.009649838,0.084374465,B_memory_IGHMhigh:ENSG00000135968
15,28222824,0.14753176,0.0584036,B_memory_IGHMhigh:ENSG00000128731
15,44013424,-0.7822745,0.3182751,B_memory_IGHMhigh:ENSG00000166946
6,169865233,0.02240115,0.048004713,B_memory_IGHMhigh:ENSG00000130024
17,20790074,0.16525681,0.22738631,B_memory_IGHMhigh:ENSG00000274180
20,46812703,0.4087522,0.2002676,B_memory_IGHMhigh:ENSG00000100982
20,33838557,0.017846687,0.22640298,B_memory_IGHMhigh:ENSG00000101417
20,25668419,0.043856923,0.06992858,B_memory_IGHMhigh:ENSG00000213742
13,40818413,-0.008216131,0.049993508,B_memory_IGHMhigh:ENSG00000120690
13,98741325,-0.15623291,0.08330946,B_memory_IGHMhigh:ENSG00000169508
13,113827814,0.41261142,0.046686754,B_memory_IGHMhigh:ENSG00000233695
13,107975846,0.08348725,0.07979908,B_memory_IGHMhigh:ENSG00000277246
3,42660202,0.13401827,0.041148115,B_memory_IGHMhigh:ENSG00000008324
3,129425480,-0.013022539,0.24656253,B_memory_IGHMhigh:ENSG00000129071
3,134276255,-0.07923836,0.22918236,B_memory_IGHMhigh:ENSG00000163785
3,129015977,0.3832416,0.20943376,B_memory_IGHMhigh:ENSG00000177646
3,157292575,0.14308436,0.06976946,B_memory_IGHMhigh:ENSG00000243176
5,131259715,0.083146416,0.020263616,B_memory_IGHMhigh:ENSG00000169567
18,26980331,-0.113462865,0.19194704,B_memory_IGHMhigh:ENSG00000141384
18,80093639,-0.16201557,0.031095242,B_memory_IGHMhigh:ENSG00000226742
18,48581818,-0.23049495,0.14068882,B_memory_IGHMhigh:ENSG00000265681
11,60350168,-0.11236416,0.046184324,B_memory_IGHMhigh:ENSG00000156738
11,73683702,0.101634,0.064436294,B_memory_IGHMhigh:ENSG00000175581
11,59036148,0.119033165,0.121080376,B_memory_IGHMhigh:ENSG00000255240
9,37420314,0.27260515,0.17901409,T_gd:ENSG00000137106
13,51983738,-0.21455513,0.083396785,T_gd:ENSG00000136100
21,35227123,0.0044369376,0.06504711,T_gd:ENSG00000142197
21,33980963,-0.3053647,0.06976535,T_gd:ENSG00000198743
15,55997038,0.3486952,0.109313965,T_gd:ENSG00000069869
15,50766657,-0.15297243,0.10944604,T_gd:ENSG00000285410
8,30719950,0.127298,0.07791907,T_gd:ENSG00000104687
8,132593478,0.050863814,0.37759665,T_gd:ENSG00000287736
4,56627607,-0.3670557,0.080435894,T_gd:ENSG00000171476
4,7758677,-0.21762347,0.063818894,T_gd:ENSG00000196526
1,89031622,0.19321983,0.21563786,T_gd:ENSG00000117226
1,111468436,-0.20072217,0.17655587,T_gd:ENSG00000143110
1,198254360,-0.10892158,0.1871973,T_gd:ENSG00000151414
1,157700500,-0.71052617,0.8301483,T_gd:ENSG00000160856
1,221677333,-0.27023235,0.14259411,T_gd:ENSG00000225265
5,54993994,-0.119036525,0.017469952,T_gd:ENSG00000113088
5,131905150,0.091396205,0.043345585,T_gd:ENSG00000158987
5,79650699,-0.1055516,0.06264175,T_gd:ENSG00000249042
19,44932101,-0.4775486,0.37387457,T_gd:ENSG00000104853
19,41850876,-0.097478256,0.012886094,T_gd:ENSG00000105372
19,58346865,0.26429358,0.07783228,T_gd:ENSG00000121410
19,37403292,-0.19012229,0.049869295,T_gd:ENSG00000188227
16,71245607,-0.10458384,0.14385787,T_gd:ENSG00000157423
16,67182237,-0.517615,0.43917087,T_gd:ENSG00000167261
2,84726079,-0.18184263,0.040504556,T_gd:ENSG00000034510
14,94013218,-0.052501168,0.044895757,T_gd:ENSG00000119632
20,1697542,0.14507914,0.053666294,T_gd:ENSG00000089012
10,58870732,-0.108590975,0.18725015,T_gd:ENSG00000072401
10,110052878,-0.074066244,0.075271145,T_gd:ENSG00000148700
10,103487202,-0.12606713,0.063513234,T_gd:ENSG00000148841
12,48971640,-0.15643178,0.18920103,T_gd:ENSG00000134285
12,3900141,0.01186907,0.19131364,T_gd:ENSG00000256862
9,132149913,0.0027152023,0.124382235,T_MAIT:ENSG00000148308
11,47893389,-0.042814203,0.028220315,T_MAIT:ENSG00000109920
11,71891807,-0.002256382,0.078641586,T_MAIT:ENSG00000172890
13,74980672,-0.5472428,0.38121733,T_MAIT:ENSG00000118922
13,44855901,0.017211668,0.015775435,T_MAIT:ENSG00000133112
13,20999362,-0.17113404,0.08882352,T_MAIT:ENSG00000233851
17,17044667,-0.09401612,0.09087802,T_MAIT:ENSG00000170160
17,30784884,-0.16358829,0.041196145,T_MAIT:ENSG00000176390
17,50799668,-0.25442466,0.17320596,T_MAIT:ENSG00000239672
17,35838597,-0.109148555,0.030709,T_MAIT:ENSG00000271503
18,35852020,0.16712984,0.34497395,T_MAIT:ENSG00000141424
18,74299462,-0.13701566,0.17794065,T_MAIT:ENSG00000166347
3,129251212,0.0051594866,0.33261168,T_MAIT:ENSG00000184897
3,40345989,0.13373846,0.010555633,T_MAIT:ENSG00000188846
22,50535388,-0.09502468,0.034508433,T_MAIT:ENSG00000025708
22,20811840,0.3381847,0.37140137,T_MAIT:ENSG00000099940
22,42585502,0.15932633,0.06497195,T_MAIT:ENSG00000189306
16,86871824,0.1979408,0.3498462,T_MAIT:ENSG00000140948
16,3947489,0.028515097,0.048584163,T_MAIT:ENSG00000162073
4,145538901,-0.17233853,0.32189628,T_MAIT:ENSG00000170365
4,42695536,0.053298175,0.063796796,T_MAIT:ENSG00000260519
10,60625847,-0.31112003,0.063534044,T_MAIT:ENSG00000151150
10,46094948,0.071542,0.08205454,T_MAIT:ENSG00000266412
12,19064190,-0.077241965,0.17701827,T_MAIT:ENSG00000052126
12,49769291,0.15939109,0.38903552,T_MAIT:ENSG00000139644
12,51596182,-0.14893378,0.4302046,T_MAIT:ENSG00000185432
12,19064190,-0.041931685,0.17727776,T_MAIT:ENSG00000253284
8,22534142,-0.35849944,0.36263856,T_MAIT:ENSG00000130227
8,9638825,0.0013073522,0.051344916,T_MAIT:ENSG00000147324
7,97144186,-0.15504989,0.18184398,T_MAIT:ENSG00000196636
7,152474207,-0.0005416851,0.100113526,T_MAIT:ENSG00000261455
1,145809105,-0.11734768,0.3428496,T_MAIT:ENSG00000117281
1,171744971,-0.08740708,0.06958285,T_MAIT:ENSG00000117533
1,109736431,-0.59507275,0.21265654,T_MAIT:ENSG00000134202
1,169368615,-0.15197392,0.19979881,T_MAIT:ENSG00000143153
1,154867323,-0.20421691,0.155293,T_MAIT:ENSG00000163346
1,169998811,-0.121514134,0.3517817,T_MAIT:ENSG00000171806
1,6677442,0.14628845,0.20653187,T_MAIT:ENSG00000187017
6,26077646,-0.08445007,0.03420212,T_MAIT:ENSG00000275714
19,4594835,0.09409286,0.11763248,T_MAIT:ENSG00000007264
19,55386449,0.4749304,0.083109364,T_MAIT:ENSG00000108107
15,56002156,0.16063096,0.05415791,T_MAIT:ENSG00000069869
15,72711847,0.084726684,0.045431774,T_MAIT:ENSG00000159322
15,44649665,0.50269485,0.1951361,T_MAIT:ENSG00000166762
21,33972178,0.14495641,0.05427594,T_MAIT:ENSG00000198743
12,552815,0.1415533,0.29797876,NK_CD56bright:ENSG00000139044
12,50491852,-0.3687295,0.4404097,NK_CD56bright:ENSG00000139624
12,10445939,-0.44001737,0.3865576,NK_CD56bright:ENSG00000205810
7,156264075,0.06553141,0.2565467,NK_CD56bright:ENSG00000009335
7,76009103,0.08572026,0.175996,NK_CD56bright:ENSG00000189077
11,2387874,0.82168186,0.1501908,NK_CD56bright:ENSG00000110651
11,86221208,-0.8323397,0.53351784,NK_CD56bright:ENSG00000149196
1,169685657,0.43798247,0.27175474,NK_CD56bright:ENSG00000188404
9,129269821,-0.30228016,0.1439619,NK_CD56bright:ENSG00000188483
16,79224,0.019859316,0.20179741,NK_CD56bright:ENSG00000103152
16,82428933,0.10854392,0.095719114,NK_CD56bright:ENSG00000184860
22,20861482,0.20501943,0.40806088,NK_CD56bright:ENSG00000099940
10,73370067,-0.0064398265,0.4730983,NK_CD56bright:ENSG00000272589
6,109859539,-0.08814943,0.10333962,NK_CD56bright:ENSG00000112367
2,64882885,0.093742415,0.23481143,NK_CD56bright:ENSG00000011523
2,108610684,-0.16963461,0.21473528,NK_CD56bright:ENSG00000135968
2,127081858,0.3159983,0.3831934,NK_CD56bright:ENSG00000136717
17,17037922,-0.01470558,0.034907486,T_CD4_Treg:ENSG00000133030
17,81700198,-0.13357057,0.040035956,T_CD4_Treg:ENSG00000204237
6,34792806,-0.14914832,0.023750369,T_CD4_Treg:ENSG00000124562
6,69561277,-0.0040758583,0.16652727,T_CD4_Treg:ENSG00000168216
6,45604762,-0.0049469187,0.0379395,T_CD4_Treg:ENSG00000271857
3,158651824,0.10529622,0.02311054,T_CD4_Treg:ENSG00000079257
3,197409962,0.34825602,0.08750259,T_CD4_Treg:ENSG00000182899
4,168377689,-0.20624453,0.041180942,T_CD4_Treg:ENSG00000181381
11,35099583,0.023386298,0.030440887,T_CD4_Treg:ENSG00000149089
11,8934307,-0.38810638,0.3384086,T_CD4_Treg:ENSG00000166444
11,671921,0.2242797,0.034132253,T_CD4_Treg:ENSG00000177042
11,112327994,1.0322754,0.15192105,T_CD4_Treg:ENSG00000250303
16,68216688,-0.36728743,0.18922974,T_CD4_Treg:ENSG00000167261
16,28065623,0.002643256,0.02805915,T_CD4_Treg:ENSG00000260442
13,40983974,0.34845048,0.21348327,T_CD4_Treg:ENSG00000120690
13,30692359,-0.1360613,0.01981659,T_CD4_Treg:ENSG00000132965
13,100588317,-0.2707284,0.14860311,T_CD4_Treg:ENSG00000134864
5,32574370,0.23352283,0.11529666,T_CD4_Treg:ENSG00000113387
12,109926306,-0.14058752,0.045658894,T_CD4_Treg:ENSG00000139437
1,110787385,0.35575664,0.1608083,T_CD4_Treg:ENSG00000143119
1,35351102,0.34810287,0.08793311,T_CD4_Treg:ENSG00000239636
1,146054161,0.05745401,0.27633482,T_CD4_Treg:ENSG00000265972
10,72062585,-0.11841448,0.2828753,T_CD4_Treg:ENSG00000107742
10,29496558,-0.095663175,0.2105711,T_CD4_Treg:ENSG00000107951
10,27249143,-0.015030979,0.19706452,T_CD4_Treg:ENSG00000136754
10,60679910,0.32263482,0.22845295,T_CD4_Treg:ENSG00000151150
10,49184968,-0.033305757,0.047495663,T_CD4_Treg:ENSG00000204161
2,74109159,0.037343387,0.025449086,T_CD4_Treg:ENSG00000114956
2,99147797,-0.4753192,0.235178,T_CD4_Treg:ENSG00000135951
2,108696272,-0.36714926,0.06558965,T_CD4_Treg:ENSG00000135968
21,44050890,0.21196096,0.027910735,T_CD4_Treg:ENSG00000241945
20,465817,-0.019012265,0.04836592,T_CD4_Treg:ENSG00000101266
20,62398333,0.017657721,0.006779823,T_CD4_Treg:ENSG00000171858
7,139187321,-0.06811263,0.06526847,T_CD4_Treg:ENSG00000059377
7,158807900,0.2533112,0.029387731,T_CD4_Treg:ENSG00000117868
7,97144186,-0.30796656,0.14613853,T_CD4_Treg:ENSG00000196636
9,37556841,0.089183465,0.06073106,T_CD4_Treg:ENSG00000137054
9,128465896,-0.105900906,0.1704298,T_CD4_Treg:ENSG00000148339
9,111657028,-0.14458066,0.048534114,T_CD4_Treg:ENSG00000242616
7,105408270,0.29539916,0.2959407,B_memory_IGHMlow:ENSG00000237513
7,135219902,0.05761787,0.30763364,B_memory_IGHMlow:ENSG00000272941
5,140810682,0.116010055,0.03007209,B_memory_IGHMlow:ENSG00000131495
5,181259493,-0.053170938,0.015364005,B_memory_IGHMlow:ENSG00000204628
2,142881000,0.16504106,0.06653489,B_memory_IGHMlow:ENSG00000115919
2,86200698,-0.0055852793,0.03380376,B_memory_IGHMlow:ENSG00000132313
1,165631030,0.30365762,0.41075176,B_memory_IGHMlow:ENSG00000143198
1,226385663,-0.21523231,0.03743241,B_memory_IGHMlow:ENSG00000143799
1,52631353,-0.4450607,0.23372553,B_memory_IGHMlow:ENSG00000182183
4,99869657,0.025363894,0.064839825,B_memory_IGHMlow:ENSG00000070190
4,77022018,-0.12254525,0.050052315,B_memory_IGHMlow:ENSG00000118816
4,55435202,0.083572336,0.03587696,B_memory_IGHMlow:ENSG00000134851
4,88461586,-0.031743456,0.36036167,B_memory_IGHMlow:ENSG00000138642
13,100588317,-0.24411803,0.20582987,B_memory_IGHMlow:ENSG00000134864
13,110650873,-0.06137301,0.07396609,B_memory_IGHMlow:ENSG00000134905
13,52189754,0.015678005,0.09101561,B_memory_IGHMlow:ENSG00000136098
10,48689174,0.09270092,0.061202414,B_memory_IGHMlow:ENSG00000128815
14,90081542,0.019957164,0.05531524,B_memory_IGHMlow:ENSG00000042088
14,105582283,-1.0586239,0.34144148,B_memory_IGHMlow:ENSG00000211897
22,43955471,-0.21589486,0.05168095,B_memory_IGHMlow:ENSG00000100347
22,41386419,-0.051591106,0.037342746,B_memory_IGHMlow:ENSG00000183864
8,22998282,0.25739697,0.067100324,B_memory_IGHMlow:ENSG00000134020
8,143027821,0.5998184,0.43112883,B_memory_IGHMlow:ENSG00000160932
8,51840442,-0.13949451,0.05397223,B_memory_IGHMlow:ENSG00000168300
8,37959785,-0.41611814,0.38508344,B_memory_IGHMlow:ENSG00000260949
6,26422299,0.1830493,0.045837287,B_memory_IGHMlow:ENSG00000026950
6,36970022,-0.5698706,0.50418526,B_memory_IGHMlow:ENSG00000137409
6,149853142,-0.76697654,0.23699461,B_memory_IGHMlow:ENSG00000273132
3,3975993,0.16690704,0.11805885,B_memory_IGHMlow:ENSG00000113851
3,197159191,-0.0428633,0.059341114,B_memory_IGHMlow:ENSG00000182899
9,370199,-0.033351008,0.2413786,B_memory_IGHMlow:ENSG00000107099
9,132612648,-0.095723316,0.075722754,B_memory_IGHMlow:ENSG00000107263
9,121266254,0.43462,0.1685393,B_memory_IGHMlow:ENSG00000148180
9,15520495,-0.073449515,0.3224231,B_memory_IGHMlow:ENSG00000164985
16,85791923,0.08877755,0.026508782,B_memory_IGHMlow:ENSG00000131143
16,66493854,0.13688046,0.086490914,B_memory_IGHMlow:ENSG00000166548
20,45941699,0.036326155,0.07843514,B_memory_IGHMlow:ENSG00000101470
11,60397054,0.13226607,0.04962415,B_memory_IGHMlow:ENSG00000156738
15,69571151,-0.0057067685,0.014160509,B_memory_IGHMlow:ENSG00000137818
15,70711215,-0.13521859,0.054076225,B_memory_IGHMlow:ENSG00000137831
15,41261919,0.08047003,0.087379314,B_memory_IGHMlow:ENSG00000140320
15,65417875,0.045711916,0.036863275,B_memory_IGHMlow:ENSG00000174485
17,74424220,-0.066231064,0.121684246,B_memory_IGHMlow:ENSG00000170190
17,19287629,-0.17897694,0.062063046,B_memory_IGHMlow:ENSG00000262292
19,55386449,0.17258592,0.081686996,B_memory_IGHMlow:ENSG00000108107
19,54208008,-0.17048518,0.08545256,B_memory_IGHMlow:ENSG00000204577
21,36066591,0.43508288,0.11554648,B_memory_IGHMlow:ENSG00000159228
21,44029964,-0.17701726,0.041481134,B_memory_IGHMlow:ENSG00000241945
21,34147778,0.18649818,0.28118652,B_memory_IGHMlow:ENSG00000243927
18,11975747,0.15584193,0.041706756,B_memory_IGHMlow:ENSG00000141401
18,63248351,-0.035087176,0.06373218,B_memory_IGHMlow:ENSG00000171791
12,31094546,0.44024637,0.31659344,B_memory_IGHMlow:ENSG00000013573
12,6539103,0.081172384,0.2057243,B_memory_IGHMlow:ENSG00000111639
12,69328190,-0.111149505,0.06841829,B_memory_IGHMlow:ENSG00000127337
12,66194569,-0.008760935,0.12544955,B_memory_IGHMlow:ENSG00000155957
11,128954960,-0.03931336,0.40940475,T_CD8_CM:ENSG00000170322
12,10428847,-0.3699129,0.20996769,T_CD8_CM:ENSG00000183542
9,33122511,-0.0698716,0.07770283,T_CD8_CM:ENSG00000086062
13,45210548,-0.052289177,0.08986392,T_CD8_CM:ENSG00000083635
3,141711241,0.045420226,0.0894343,T_CD8_CM:ENSG00000114120
14,67329577,-0.13185224,0.08142807,T_CD8_CM:ENSG00000100554
1,151932388,-0.073790416,0.20402347,T_CD8_CM:ENSG00000159445
